Rank,Team,Conf,W-L,AdjEM,AdjO,AdjD,AdjT,Luck,SOS AdjEM,SOS OppO,SOS OppD,NCSOS AdjEM,Season,Team_Id,Team_Name
1.0,Duke,ACC,31-4,34.14,118.9,84.7,75.9,-0.027,10.09,107.8,97.7,7.52,2002.0,1181,Duke
2.0,Cincinnati,CUSA,31-4,30.15,116.0,85.9,68.6,0.002,7.45,105.2,97.8,5.41,2002.0,1153,Cincinnati
3.0,Maryland,ACC,32-4,29.24,117.2,88.0,74.7,0.025,10.32,107.9,97.6,5.12,2002.0,1268,Maryland
4.0,Kansas,B12,31-4,28.95,116.7,87.8,78.4,0.023,10.75,108.8,98.1,8.91,2002.0,1242,Kansas
7.0,Florida,SEC,22-9,24.75,113.0,88.3,70.9,-0.072,10.06,107.0,97.0,2.18,2002.0,1196,Florida
9.0,Oregon,P10,25-9,22.93,117.2,94.3,73.2,-0.041,8.62,106.8,98.1,-1.18,2002.0,1332,Oregon
10.0,Kentucky,SEC,21-10,22.21,111.4,89.2,69.8,-0.028,13.79,109.0,95.3,9.87,2002.0,1246,Kentucky
11.0,Marquette,CUSA,26-7,21.42,111.3,89.8,66.4,0.007,5.99,104.3,98.3,0.05,2002.0,1266,Marquette
12.0,USC,P10,22-10,20.66,110.7,90.0,71.8,-0.051,9.66,107.9,98.2,1.89,2002.0,1425,USC
13.0,Arizona,P10,24-10,20.52,117.2,96.7,73.0,0.08,14.48,109.9,95.4,18.68,2002.0,1112,Arizona
14.0,Kent,MAC,29-6,20.42,114.8,94.3,66.0,0.008,2.71,104.3,101.6,1.41,2002.0,1245,Kent
19.0,Notre Dame,BE,21-11,19.24,114.0,94.8,70.2,-0.086,7.02,103.7,96.7,-1.69,2002.0,1323,Notre Dame
20.0,South Carolina,SEC,21-15,19.16,105.1,85.9,67.0,-0.073,11.26,107.4,96.2,2.02,2002.0,1376,South Carolina
23.0,Xavier,A10,26-6,18.59,109.1,90.5,67.7,0.052,5.05,105.1,100.1,5.44,2002.0,1462,Xavier
24.0,Gonzaga,WCC,28-4,18.49,113.4,94.9,70.6,0.049,0.68,102.0,101.3,3.32,2002.0,1211,Gonzaga
27.0,Butler,Horz,26-6,17.69,109.8,92.2,63.4,-0.051,-0.92,101.8,102.7,-3.37,2002.0,1139,Butler
30.0,Wake Forest,ACC,21-13,17.36,116.5,99.1,71.9,0.007,11.65,107.8,96.2,7.32,2002.0,1448,Wake Forest
32.0,Michigan St,B10,19-12,16.85,110.8,94.0,65.2,-0.026,11.09,107.7,96.6,5.11,2002.0,1277,Michigan St
35.0,UCLA,P10,21-12,16.3,111.6,95.3,69.7,0.049,12.69,108.9,96.3,10.46,2002.0,1417,UCLA
38.0,Miami FL,BE,24-8,15.77,108.3,92.5,70.6,0.017,6.57,103.9,97.4,-2.52,2002.0,1274,Miami FL
39.0,Oklahoma St,B12,23-9,15.74,105.7,90.0,67.9,0.048,7.61,106.5,98.9,2.18,2002.0,1329,Oklahoma St
42.0,Dayton,A10,21-11,15.57,110.9,95.3,67.4,-0.042,3.95,103.5,99.6,4.08,2002.0,1173,Dayton
43.0,Minnesota,B10,18-13,14.55,111.5,96.9,69.7,-0.044,8.42,106.3,97.9,4.33,2002.0,1278,Minnesota
50.0,Wisconsin,B10,19-13,13.25,108.6,95.3,64.8,0.049,10.36,107.3,97.0,8.01,2002.0,1458,Wisconsin
52.0,Villanova,BE,19-13,13.08,104.6,91.5,68.6,-0.055,8.09,105.7,97.6,-0.19,2002.0,1437,Villanova
53.0,Virginia,ACC,17-12,12.94,110.1,97.1,71.7,-0.016,8.85,106.8,98.0,-0.24,2002.0,1438,Virginia
56.0,Arkansas,SEC,14-15,12.59,106.6,94.0,73.1,-0.062,12.04,107.2,95.2,7.48,2002.0,1116,Arkansas
59.0,Creighton,MVC,23-9,11.82,109.3,97.5,68.5,0.029,1.64,103.4,101.8,2.39,2002.0,1166,Creighton
61.0,Louisville,CUSA,19-13,11.74,106.1,94.4,73.6,0.009,8.48,106.0,97.5,5.54,2002.0,1257,Louisville
65.0,UNC Wilmington,CAA,23-10,11.37,105.4,94.0,65.3,-0.002,0.52,101.5,101.0,3.85,2002.0,1423,UNC Wilmington
83.0,Purdue,B10,13-18,7.57,107.5,100.0,69.3,-0.06,10.28,107.3,97.0,7.87,2002.0,1345,Purdue
84.0,Seton Hall,BE,11-18,7.15,102.8,95.7,70.8,-0.1,7.74,104.6,96.8,2.04,2002.0,1371,Seton Hall
85.0,Vanderbilt,SEC,17-15,7.15,105.5,98.3,70.2,0.06,9.41,106.2,96.8,-0.69,2002.0,1435,Vanderbilt
89.0,ETSU,SC,15-10,6.59,104.0,97.4,75.3,-0.022,-0.96,100.6,101.5,0.64,2002.0,1190,ETSU
90.0,Northwestern,B10,16-13,6.58,97.8,91.3,63.5,0.036,5.93,104.7,98.8,-4.72,2002.0,1321,Northwestern
240.0,Northwestern,Slnd,12-18,-7.1,98.4,105.5,72.0,-0.006,-4.65,98.4,103.0,2.47,2002.0,1321,Northwestern
94.0,Providence,BE,15-16,6.16,100.6,94.4,72.8,-0.05,5.33,103.1,97.7,-2.18,2002.0,1344,Providence
96.0,New Mexico St,SB,18-11,5.88,107.1,101.2,70.4,-0.029,0.03,101.3,101.3,1.74,2002.0,1308,New Mexico St
106.0,Baylor,B12,12-16,4.67,106.1,101.4,70.0,-0.09,5.24,104.9,99.7,-4.41,2002.0,1124,Baylor
108.0,SMU,WAC,15-14,4.44,105.5,101.0,69.8,-0.025,2.87,102.9,100.1,2.17,2002.0,1374,SMU
115.0,Iowa St,B12,12-19,4.09,105.8,101.8,67.1,-0.115,5.63,104.8,99.2,-4.36,2002.0,1235,Iowa St
120.0,Kansas St,B12,13-16,3.59,101.8,98.2,67.6,-0.005,7.1,106.9,99.8,-1.3,2002.0,1243,Kansas St
121.0,Florida St,ACC,12-17,3.54,103.6,100.1,70.2,-0.054,8.14,106.6,98.4,-5.3,2002.0,1199,Florida St
122.0,VA Commonwealth,CAA,21-11,3.53,100.7,97.1,72.3,0.01,-1.57,99.1,100.7,-1.06,2002.0,1433,VA Commonwealth
123.0,Nevada,WAC,16-13,3.42,101.8,98.4,73.0,0.034,1.78,102.4,100.6,-2.49,2002.0,1305,Nevada
128.0,Michigan,B10,11-18,3.16,103.3,100.2,67.3,-0.038,8.53,106.8,98.3,0.66,2002.0,1276,Michigan
137.0,North Carolina,ACC,8-20,2.53,103.6,101.1,71.6,-0.066,12.23,109.1,96.8,5.32,2002.0,1314,North Carolina
142.0,Virginia Tech,BE,10-18,2.09,102.0,100.0,69.5,-0.099,4.62,102.8,98.2,-3.09,2002.0,1439,Virginia Tech
145.0,Princeton,Ivy,15-12,1.47,101.5,100.0,59.9,0.023,-0.9,100.2,101.1,4.88,2002.0,1343,Princeton
152.0,Wichita St,MVC,15-15,0.58,105.6,105.0,68.3,-0.006,0.34,102.3,102.0,0.34,2002.0,1455,Wichita St
157.0,Troy,ASun,18-10,0.15,102.1,102.0,70.4,0.044,-5.62,100.5,106.1,-1.73,2002.0,1407,Troy
172.0,New Orleans,SB,14-14,-1.18,96.2,97.3,69.5,0.042,-1.53,100.3,101.8,-3.37,2002.0,1309,New Orleans
190.0,Vermont,AE,21-8,-2.47,103.6,106.1,69.4,0.026,-12.61,94.1,106.8,-8.0,2002.0,1436,Vermont
193.0,West Virginia,BE,7-20,-2.64,101.3,103.9,73.4,-0.03,7.09,104.7,97.6,-0.21,2002.0,1452,West Virginia
202.0,MTSU,SB,13-15,-3.36,94.7,98.0,67.8,0.04,-1.13,101.0,102.1,-3.26,2002.0,1292,MTSU
218.0,Iona,MAAC,13-17,-5.08,96.3,101.4,72.5,-0.019,-4.19,98.8,102.9,-2.21,2002.0,1233,Iona
220.0,Winthrop,BSth,17-12,-5.33,95.2,100.5,68.0,0.039,-10.81,95.4,106.2,-1.4,2002.0,1457,Winthrop
226.0,St Mary's CA,WCC,8-20,-5.89,89.1,95.0,67.1,-0.044,0.81,102.7,101.9,0.45,2002.0,1388,St Mary's CA
235.0,Rhode Island,A10,8-20,-6.74,95.5,102.2,67.1,0.061,4.32,104.8,100.4,1.96,2002.0,1348,Rhode Island
245.0,Jacksonville St,ASun,13-16,-7.91,99.4,107.4,67.6,-0.028,-7.64,97.8,105.4,-20.14,2002.0,1240,Jacksonville St
269.0,Bucknell,Pat,13-16,-11.27,92.3,103.6,66.8,0.059,-8.48,95.6,104.1,-7.24,2002.0,1137,Bucknell
311.0,TX Southern,SWAC,11-17,-19.54,92.6,112.1,70.0,0.078,-12.27,95.3,107.6,3.28,2002.0,1411,TX Southern
325.0,Mt St Mary's,NEC,3-24,-29.37,83.1,112.4,68.7,0.019,-10.74,96.1,106.8,-3.72,2002.0,1291,Mt St Mary's
,,,,,,,,,,,,,,1195,FL Gulf Coast
,,,,,,,,,,,,,,1297,N Kentucky
,,,,,,,,,,,,,,1300,NC Central
,,,,,,,,,,,,,,1315,North Dakota
,,,,,,,,,,,,,,1355,S Dakota St
,,,,,,,,,,,,,,1413,UC Davis
1.0,Kentucky,SEC,32-4,28.5,112.8,84.3,70.4,0.051,11.1,105.9,94.8,7.02,2003.0,1246,Kentucky
2.0,Kansas,B12,30-8,28.09,111.8,83.7,75.0,-0.017,11.66,106.0,94.3,7.43,2003.0,1242,Kansas
4.0,Arizona,P10,28-4,26.35,112.3,85.9,75.8,-0.006,8.95,104.6,95.7,10.12,2003.0,1112,Arizona
6.0,Duke,ACC,26-7,23.32,111.9,88.6,73.4,-0.03,9.76,105.0,95.2,4.06,2003.0,1181,Duke
10.0,Louisville,CUSA,25-7,22.31,112.6,90.3,74.3,-0.028,7.69,103.1,95.4,7.3,2003.0,1257,Louisville
11.0,Florida,SEC,25-8,21.75,112.7,90.9,68.1,0.009,8.77,103.5,94.7,1.42,2003.0,1196,Florida
12.0,Wisconsin,B10,24-8,21.65,110.8,89.2,65.0,-0.024,7.32,103.7,96.4,2.12,2003.0,1458,Wisconsin
13.0,Maryland,ACC,21-10,21.63,107.5,85.8,74.2,-0.078,9.09,104.4,95.3,-1.23,2003.0,1268,Maryland
15.0,Marquette,CUSA,27-6,20.84,116.5,95.6,69.2,0.07,8.48,103.7,95.2,1.95,2003.0,1266,Marquette
18.0,Michigan St,B10,22-13,19.89,106.7,86.8,67.0,-0.05,10.87,104.9,94.1,6.47,2003.0,1277,Michigan St
19.0,Notre Dame,BE,24-10,19.84,112.6,92.8,73.0,0.009,11.39,104.8,93.4,6.69,2003.0,1323,Notre Dame
20.0,Xavier,A10,26-6,19.54,110.5,91.0,70.7,0.018,5.21,102.5,97.3,5.77,2003.0,1462,Xavier
21.0,Wake Forest,ACC,25-6,19.47,111.4,91.9,70.5,0.073,8.39,103.5,95.2,-0.36,2003.0,1448,Wake Forest
24.0,Oklahoma St,B12,22-10,17.33,102.3,84.9,70.0,0.003,9.78,104.0,94.3,1.53,2003.0,1329,Oklahoma St
26.0,Creighton,MVC,29-5,17.25,109.3,92.0,71.2,0.025,0.81,100.5,99.7,2.54,2003.0,1166,Creighton
27.0,Purdue,B10,19-11,17.21,103.8,86.6,71.9,-0.013,10.38,105.2,94.8,8.08,2003.0,1345,Purdue
31.0,Butler,Horz,27-6,15.75,112.2,96.4,61.5,0.073,3.22,101.3,98.1,0.29,2003.0,1139,Butler
33.0,Gonzaga,WCC,24-9,15.3,110.0,94.7,70.0,-0.021,3.82,101.2,97.3,6.41,2003.0,1211,Gonzaga
36.0,Cincinnati,CUSA,17-12,14.43,101.8,87.4,69.1,-0.069,8.26,104.4,96.1,6.41,2003.0,1153,Cincinnati
39.0,UNC Wilmington,CAA,24-7,14.35,106.4,92.0,67.5,-0.031,-2.99,96.4,99.4,-3.03,2003.0,1423,UNC Wilmington
40.0,Dayton,A10,24-6,14.29,113.7,99.4,66.5,0.085,6.08,102.4,96.3,7.06,2003.0,1173,Dayton
43.0,Oregon,P10,23-10,13.91,107.9,93.9,75.0,0.032,5.6,102.4,96.8,-1.91,2003.0,1332,Oregon
45.0,Providence,BE,18-14,13.54,104.2,90.7,70.3,-0.051,8.81,103.8,95.0,4.1,2003.0,1344,Providence
53.0,North Carolina,ACC,19-16,11.94,104.4,92.5,72.0,0.024,11.72,105.1,93.4,7.61,2003.0,1314,North Carolina
54.0,Seton Hall,BE,17-13,11.93,101.3,89.3,69.1,0.023,9.52,103.7,94.2,2.38,2003.0,1371,Seton Hall
57.0,Villanova,BE,15-16,11.01,103.1,92.1,71.8,-0.059,9.05,104.0,95.0,7.3,2003.0,1437,Villanova
60.0,Kansas St,B12,13-17,10.72,104.3,93.6,68.8,-0.154,7.8,102.3,94.5,-1.97,2003.0,1243,Kansas St
61.0,Michigan,B10,17-13,10.54,105.1,94.6,68.7,0.024,8.41,103.9,95.5,4.15,2003.0,1276,Michigan
62.0,Iowa St,B12,16-14,10.46,103.2,92.7,69.7,-0.045,7.39,102.5,95.1,-7.75,2003.0,1235,Iowa St
72.0,Minnesota,B10,19-14,9.48,103.9,94.4,73.1,0.016,7.56,103.3,95.8,0.29,2003.0,1278,Minnesota
77.0,Florida St,ACC,14-15,8.61,97.6,89.0,70.7,-0.052,8.61,104.7,96.1,-1.9,2003.0,1199,Florida St
79.0,South Carolina,SEC,12-16,8.17,99.8,91.7,68.7,-0.028,9.98,105.4,95.4,2.06,2003.0,1376,South Carolina
82.0,Virginia,ACC,16-16,8.03,105.7,97.7,72.0,0.025,9.91,104.4,94.5,2.4,2003.0,1438,Virginia
84.0,Nevada,WAC,17-14,7.97,104.7,96.7,72.0,-0.096,1.84,100.4,98.6,4.33,2003.0,1305,Nevada
88.0,New Mexico St,SB,19-9,7.32,104.3,97.0,70.2,-0.005,-0.87,99.3,100.2,-5.68,2003.0,1308,New Mexico St
90.0,USC,P10,13-17,6.68,101.7,95.0,76.4,-0.056,7.68,104.1,96.4,1.08,2003.0,1425,USC
91.0,Vanderbilt,SEC,11-18,6.65,100.7,94.0,72.2,-0.05,11.31,105.8,94.4,1.54,2003.0,1435,Vanderbilt
95.0,Kent,MAC,20-10,6.38,107.7,101.3,69.8,0.023,0.55,101.1,100.6,2.91,2003.0,1245,Kent
99.0,Miami FL,BE,11-17,6.06,99.4,93.3,69.9,-0.12,6.84,101.9,95.1,-3.09,2003.0,1274,Miami FL
100.0,Troy,ASun,25-6,6.04,103.3,97.3,73.4,0.104,-5.95,96.3,102.3,-4.82,2003.0,1407,Troy
104.0,Baylor,B12,14-14,5.8,103.5,97.7,68.7,-0.005,6.2,101.3,95.1,-8.67,2003.0,1124,Baylor
107.0,UCLA,P10,10-19,5.37,104.1,98.7,73.0,-0.064,9.85,104.6,94.7,7.84,2003.0,1417,UCLA
112.0,West Virginia,BE,14-15,4.67,101.4,96.7,68.1,0.054,8.03,103.5,95.5,-1.73,2003.0,1452,West Virginia
116.0,Rhode Island,A10,19-12,4.29,98.1,93.9,71.9,0.113,3.93,102.1,98.1,1.41,2003.0,1348,Rhode Island
120.0,VA Commonwealth,CAA,18-10,3.99,100.2,96.2,72.1,-0.009,-3.04,96.6,99.7,-3.1,2003.0,1433,VA Commonwealth
126.0,MTSU,SB,14-14,3.26,100.6,97.3,68.8,-0.006,1.7,100.6,98.9,1.31,2003.0,1292,MTSU
132.0,Wichita St,MVC,18-12,3.01,104.8,101.8,70.5,0.05,0.58,99.3,98.7,-3.22,2003.0,1455,Wichita St
133.0,Princeton,Ivy,15-11,3.0,106.5,103.5,62.6,-0.027,-2.91,97.0,99.9,1.15,2003.0,1343,Princeton
134.0,Arkansas,SEC,9-19,2.85,95.1,92.3,68.9,-0.039,11.12,105.2,94.0,3.92,2003.0,1116,Arkansas
140.0,SMU,WAC,17-13,2.37,100.8,98.4,71.6,0.069,1.37,100.1,98.8,3.17,2003.0,1374,SMU
141.0,Virginia Tech,BE,11-18,2.26,102.6,100.4,70.1,-0.045,6.67,102.9,96.2,-1.99,2003.0,1439,Virginia Tech
142.0,St Mary's CA,WCC,14-15,2.07,94.7,92.6,69.6,-0.044,1.02,100.5,99.5,0.22,2003.0,1388,St Mary's CA
147.0,ETSU,SC,17-11,1.7,98.3,96.6,78.2,0.036,-2.49,99.4,101.9,2.07,2003.0,1190,ETSU
150.0,Vermont,AE,19-11,1.61,98.0,96.3,67.4,0.02,-5.84,96.6,102.4,-4.09,2003.0,1436,Vermont
160.0,Iona,MAAC,17-12,0.46,98.8,98.4,72.3,-0.033,-4.32,98.0,102.3,-3.82,2003.0,1233,Iona
167.0,Northwestern,B10,12-17,-0.01,100.5,100.5,64.5,-0.002,6.42,102.6,96.2,-6.13,2003.0,1321,Northwestern
304.0,Northwestern,Slnd,6-21,-16.47,81.8,98.3,74.1,-0.001,-6.42,96.0,102.4,-2.41,2003.0,1321,Northwestern
172.0,New Orleans,SB,13-14,-0.53,98.6,99.2,69.5,0.006,-0.08,99.8,99.9,-2.64,2003.0,1309,New Orleans
191.0,Jacksonville St,ASun,19-10,-2.61,100.6,103.2,71.6,0.064,-8.09,95.2,103.3,-8.9,2003.0,1240,Jacksonville St
221.0,Bucknell,Pat,14-15,-5.71,88.3,94.0,65.9,-0.005,-5.55,96.5,102.1,-4.2,2003.0,1137,Bucknell
222.0,Winthrop,BSth,18-10,-5.84,93.4,99.2,70.8,0.057,-11.25,93.7,104.9,-5.36,2003.0,1457,Winthrop
260.0,TX Southern,SWAC,18-13,-10.23,95.8,106.0,71.3,0.038,-12.02,92.1,104.2,-5.75,2003.0,1411,TX Southern
299.0,Mt St Mary's,NEC,11-16,-15.87,87.4,103.3,67.7,0.102,-9.38,95.4,104.8,-4.76,2003.0,1291,Mt St Mary's
,,,,,,,,,,,,,,1195,FL Gulf Coast
,,,,,,,,,,,,,,1297,N Kentucky
,,,,,,,,,,,,,,1300,NC Central
,,,,,,,,,,,,,,1315,North Dakota
,,,,,,,,,,,,,,1355,S Dakota St
,,,,,,,,,,,,,,1413,UC Davis
1.0,Duke,ACC,31-6,31.51,115.9,84.4,71.4,-0.028,12.99,106.1,93.1,4.67,2004.0,1181,Duke
4.0,Oklahoma St,B12,31-4,26.74,113.8,87.0,68.2,0.03,8.01,104.3,96.3,-1.95,2004.0,1329,Oklahoma St
6.0,Wisconsin,B10,25-7,25.1,111.5,86.4,63.7,0.0,8.73,104.6,95.9,5.88,2004.0,1458,Wisconsin
7.0,Gonzaga,WCC,28-3,24.75,116.2,91.4,70.3,0.013,3.47,101.9,98.5,7.86,2004.0,1211,Gonzaga
10.0,Kentucky,SEC,27-5,22.83,109.2,86.3,69.5,0.032,9.34,104.7,95.4,5.07,2004.0,1246,Kentucky
11.0,North Carolina,ACC,19-11,22.69,112.6,89.9,74.3,-0.091,14.51,107.1,92.6,5.5,2004.0,1314,North Carolina
14.0,Wake Forest,ACC,21-10,21.18,117.9,96.7,73.4,-0.018,13.88,106.1,92.3,3.83,2004.0,1448,Wake Forest
17.0,Cincinnati,CUSA,25-7,21.11,111.8,90.7,69.8,0.003,6.76,102.7,95.9,3.07,2004.0,1153,Cincinnati
18.0,Kansas,B12,24-9,20.45,108.6,88.1,72.3,0.018,10.83,105.8,95.0,8.4,2004.0,1242,Kansas
19.0,Louisville,CUSA,20-10,19.97,102.7,82.7,70.9,-0.078,7.8,103.8,96.0,7.03,2004.0,1257,Louisville
20.0,Nevada,WAC,25-9,19.79,108.0,88.2,72.0,-0.038,6.95,104.0,97.1,5.41,2004.0,1305,Nevada
21.0,Xavier,A10,26-11,19.76,109.5,89.7,67.6,-0.022,7.07,103.8,96.8,4.02,2004.0,1462,Xavier
22.0,Maryland,ACC,20-12,19.27,106.4,87.1,74.7,-0.008,14.75,108.7,94.0,3.02,2004.0,1268,Maryland
23.0,Vanderbilt,SEC,23-10,18.13,108.9,90.7,68.5,-0.002,8.59,104.6,96.0,-2.82,2004.0,1435,Vanderbilt
24.0,Providence,BE,20-9,17.95,107.7,89.8,68.2,0.002,9.2,104.3,95.1,5.81,2004.0,1344,Providence
25.0,Florida,SEC,20-11,17.8,111.8,94.0,69.7,-0.023,10.41,104.6,94.2,3.79,2004.0,1196,Florida
26.0,Seton Hall,BE,21-10,16.99,107.6,90.6,69.1,-0.004,8.62,103.8,95.2,1.79,2004.0,1371,Seton Hall
27.0,Florida St,ACC,19-14,16.96,104.3,87.3,68.1,-0.089,10.67,105.5,94.9,-4.12,2004.0,1199,Florida St
32.0,Arizona,P10,20-10,15.81,113.9,98.1,76.8,-0.072,6.29,103.3,97.0,7.41,2004.0,1112,Arizona
35.0,Michigan St,B10,18-12,15.29,113.0,97.7,66.7,-0.015,9.35,103.6,94.3,9.29,2004.0,1277,Michigan St
39.0,South Carolina,SEC,23-11,14.7,105.4,90.7,68.3,-0.0,6.68,102.4,95.7,-5.22,2004.0,1376,South Carolina
45.0,Michigan,B10,23-11,13.69,102.5,88.8,69.6,0.019,6.75,103.6,96.8,0.7,2004.0,1276,Michigan
52.0,Notre Dame,BE,19-13,12.73,109.4,96.7,67.4,-0.024,8.19,103.8,95.6,-1.47,2004.0,1323,Notre Dame
53.0,Villanova,BE,18-17,12.02,105.3,93.3,69.3,-0.049,9.24,104.5,95.2,4.5,2004.0,1437,Villanova
56.0,Purdue,B10,17-14,11.33,100.1,88.7,66.1,-0.065,5.58,103.5,97.9,-0.89,2004.0,1345,Purdue
57.0,Wichita St,MVC,21-11,11.33,104.9,93.6,69.6,-0.075,2.61,100.1,97.5,1.36,2004.0,1455,Wichita St
59.0,St Mary's CA,WCC,19-12,10.71,106.0,95.3,70.8,-0.083,1.28,101.7,100.5,1.04,2004.0,1388,St Mary's CA
64.0,Creighton,MVC,20-9,10.19,103.2,93.0,66.9,0.005,1.74,100.0,98.3,-2.25,2004.0,1166,Creighton
65.0,Iowa St,B12,20-13,10.1,105.0,94.9,72.9,0.066,9.01,104.7,95.7,1.31,2004.0,1235,Iowa St
68.0,Virginia,ACC,18-13,10.0,105.2,95.2,72.5,0.099,11.8,105.8,94.0,-4.15,2004.0,1438,Virginia
71.0,Dayton,A10,24-9,9.67,104.4,94.7,65.4,0.085,4.5,102.6,98.1,0.17,2004.0,1173,Dayton
74.0,Kent,MAC,22-9,9.51,102.5,93.0,68.6,0.01,0.49,100.5,100.0,1.25,2004.0,1245,Kent
80.0,Oregon,P10,18-13,8.97,106.4,97.4,71.0,0.027,6.73,103.3,96.5,4.1,2004.0,1332,Oregon
81.0,VA Commonwealth,CAA,23-8,8.85,100.8,92.0,68.6,0.076,0.25,99.0,98.8,1.27,2004.0,1433,VA Commonwealth
83.0,Kansas St,B12,14-14,8.69,100.0,91.4,68.8,-0.079,5.9,103.4,97.5,-5.41,2004.0,1243,Kansas St
85.0,Rhode Island,A10,20-14,8.35,101.0,92.7,68.1,0.004,3.12,101.7,98.6,1.94,2004.0,1348,Rhode Island
86.0,ETSU,SC,27-6,8.32,100.1,91.8,76.3,0.017,-3.04,98.4,101.4,-1.7,2004.0,1190,ETSU
88.0,Troy,ASun,24-7,7.64,108.9,101.3,71.7,0.018,-5.75,97.0,102.8,-0.04,2004.0,1407,Troy
92.0,Marquette,CUSA,19-12,6.82,107.5,100.7,67.9,0.02,4.24,101.3,97.1,-3.32,2004.0,1266,Marquette
93.0,West Virginia,BE,17-14,6.68,102.4,95.7,66.1,0.064,6.81,102.8,96.0,1.57,2004.0,1452,West Virginia
97.0,Arkansas,SEC,12-16,5.87,100.4,94.5,69.6,-0.068,7.41,103.8,96.4,-3.15,2004.0,1116,Arkansas
101.0,Northwestern,B10,14-15,5.41,101.5,96.1,63.3,0.022,6.5,103.2,96.6,2.64,2004.0,1321,Northwestern
259.0,Northwestern,Slnd,11-17,-9.4,91.9,101.3,76.1,-0.057,-5.83,96.9,102.8,3.03,2004.0,1321,Northwestern
108.0,Princeton,Ivy,20-8,4.73,102.1,97.4,60.0,0.033,-4.72,96.3,101.1,-1.28,2004.0,1343,Princeton
110.0,Miami FL,BE,14-16,4.55,102.4,97.8,69.4,-0.103,3.99,99.8,95.8,-7.11,2004.0,1274,Miami FL
120.0,UNC Wilmington,CAA,15-15,3.64,94.9,91.3,63.7,-0.063,-0.01,99.5,99.5,1.05,2004.0,1423,UNC Wilmington
124.0,Virginia Tech,BE,15-14,3.05,97.5,94.4,69.9,0.051,4.68,101.3,96.7,-6.96,2004.0,1439,Virginia Tech
130.0,Butler,Horz,16-14,2.65,102.6,100.0,60.4,-0.037,0.08,98.9,98.8,0.74,2004.0,1139,Butler
132.0,USC,P10,13-15,2.25,100.1,97.8,74.4,0.085,6.33,104.2,97.9,3.8,2004.0,1425,USC
133.0,Minnesota,B10,12-18,2.2,100.7,98.5,70.4,-0.034,6.06,103.2,97.2,0.97,2004.0,1278,Minnesota
135.0,MTSU,SB,17-12,1.7,98.9,97.2,68.6,0.026,-1.35,99.2,100.5,-0.82,2004.0,1292,MTSU
137.0,SMU,WAC,12-18,1.5,101.2,99.7,65.8,0.001,5.85,102.3,96.5,1.34,2004.0,1374,SMU
143.0,UCLA,P10,11-17,1.24,98.4,97.1,67.2,0.016,6.69,103.7,97.0,5.39,2004.0,1417,UCLA
168.0,New Orleans,SB,17-14,-1.15,98.1,99.3,68.3,0.086,-0.52,99.7,100.2,1.09,2004.0,1309,New Orleans
171.0,Vermont,AE,22-9,-1.33,97.2,98.6,67.2,0.114,-8.48,93.5,102.0,-5.3,2004.0,1436,Vermont
191.0,Iona,MAAC,11-18,-3.79,97.7,101.5,72.7,-0.053,-1.77,98.4,100.2,2.21,2004.0,1233,Iona
199.0,New Mexico St,SB,13-14,-4.17,94.7,98.9,66.7,-0.016,-0.85,99.9,100.7,0.46,2004.0,1308,New Mexico St
205.0,Bucknell,Pat,14-15,-4.55,92.8,97.3,67.4,-0.116,-7.39,94.9,102.2,-2.02,2004.0,1137,Bucknell
228.0,Winthrop,BSth,16-12,-6.3,95.7,102.0,66.1,0.018,-8.22,94.8,103.0,0.57,2004.0,1457,Winthrop
235.0,Baylor,B12,8-21,-6.59,97.6,104.2,64.5,0.007,5.68,102.3,96.6,-5.59,2004.0,1124,Baylor
238.0,Jacksonville St,OVC,14-14,-6.79,100.3,107.1,71.1,-0.027,-7.82,96.2,104.0,-13.31,2004.0,1240,Jacksonville St
272.0,Mt St Mary's,NEC,10-19,-11.26,92.8,104.1,68.3,-0.036,-8.16,95.1,103.3,-3.75,2004.0,1291,Mt St Mary's
298.0,TX Southern,SWAC,14-15,-14.95,84.5,99.5,72.7,0.004,-14.31,90.2,104.5,-8.27,2004.0,1411,TX Southern
,,,,,,,,,,,,,,1195,FL Gulf Coast
,,,,,,,,,,,,,,1297,N Kentucky
,,,,,,,,,,,,,,1300,NC Central
,,,,,,,,,,,,,,1315,North Dakota
,,,,,,,,,,,,,,1355,S Dakota St
,,,,,,,,,,,,,,1413,UC Davis
1.0,North Carolina,ACC,33-4,32.17,118.7,86.5,76.1,0.011,11.38,105.3,93.9,5.89,2005.0,1314,North Carolina
3.0,Duke,ACC,27-6,26.79,111.8,85.0,71.1,-0.002,11.44,106.4,95.0,4.02,2005.0,1181,Duke
4.0,Louisville,CUSA,33-5,25.23,114.9,89.7,69.3,0.046,7.24,103.3,96.1,2.19,2005.0,1257,Louisville
5.0,Michigan St,B10,26-7,25.22,116.1,90.8,69.0,-0.012,8.33,104.0,95.6,0.29,2005.0,1277,Michigan St
6.0,Oklahoma St,B12,26-7,24.47,117.4,92.9,68.8,-0.015,10.05,104.9,94.8,6.18,2005.0,1329,Oklahoma St
7.0,Wake Forest,ACC,27-6,24.35,120.2,95.9,71.7,0.046,10.94,105.0,94.1,6.33,2005.0,1448,Wake Forest
8.0,Villanova,BE,24-8,24.28,110.2,85.9,69.7,-0.054,10.07,104.8,94.8,2.68,2005.0,1437,Villanova
9.0,Kentucky,SEC,28-6,23.65,109.6,85.9,68.6,0.031,9.34,105.0,95.6,1.23,2005.0,1246,Kentucky
10.0,Florida,SEC,24-8,23.31,111.9,88.6,68.3,-0.027,8.06,103.8,95.8,-0.8,2005.0,1196,Florida
11.0,Kansas,B12,23-7,22.61,111.9,89.3,68.9,0.009,11.69,105.4,93.7,13.9,2005.0,1242,Kansas
13.0,Arizona,P10,30-7,21.79,112.6,90.8,71.3,0.027,8.5,104.8,96.3,5.41,2005.0,1112,Arizona
17.0,Wisconsin,B10,25-9,20.41,108.2,87.8,65.2,0.043,10.78,105.6,94.8,3.47,2005.0,1458,Wisconsin
19.0,Cincinnati,CUSA,25-8,19.9,108.0,88.1,71.0,-0.005,6.71,103.4,96.7,4.24,2005.0,1153,Cincinnati
26.0,Gonzaga,WCC,26-5,17.54,115.7,98.1,69.4,0.013,3.94,100.9,97.0,3.96,2005.0,1211,Gonzaga
33.0,Vanderbilt,SEC,20-14,15.05,107.3,92.2,68.4,-0.053,7.9,103.7,95.8,3.68,2005.0,1435,Vanderbilt
35.0,West Virginia,BE,24-11,14.65,110.3,95.7,66.4,0.081,9.26,105.2,95.9,-4.88,2005.0,1452,West Virginia
37.0,Maryland,ACC,19-13,14.37,105.3,90.9,77.7,-0.034,9.14,104.6,95.5,-1.82,2005.0,1268,Maryland
39.0,Creighton,MVC,23-11,13.95,110.1,96.1,66.2,-0.033,4.8,101.9,97.0,0.15,2005.0,1166,Creighton
41.0,Minnesota,B10,21-11,13.78,100.4,86.6,69.3,0.016,7.43,103.4,96.0,-0.13,2005.0,1278,Minnesota
43.0,Vermont,AE,25-7,13.26,107.6,94.3,67.3,0.032,-2.06,97.2,99.3,3.11,2005.0,1436,Vermont
47.0,Wichita St,MVC,22-10,12.91,109.6,96.7,67.1,-0.013,5.0,102.5,97.5,0.15,2005.0,1455,Wichita St
48.0,Iowa St,B12,19-12,12.71,99.5,86.8,69.7,0.004,7.72,104.4,96.7,0.13,2005.0,1235,Iowa St
50.0,South Carolina,SEC,20-13,12.4,106.2,93.8,66.4,-0.016,8.54,103.7,95.1,3.06,2005.0,1376,South Carolina
56.0,Nevada,WAC,25-7,11.7,99.5,87.8,69.0,0.046,1.59,101.4,99.8,1.65,2005.0,1305,Nevada
57.0,Arkansas,SEC,18-12,11.67,102.2,90.6,68.3,-0.062,3.94,102.1,98.1,-6.47,2005.0,1116,Arkansas
59.0,Notre Dame,BE,17-12,11.22,105.5,94.3,66.8,-0.042,7.9,103.9,96.0,-3.8,2005.0,1323,Notre Dame
62.0,Providence,BE,14-17,11.09,107.3,96.2,71.4,-0.093,10.44,105.7,95.2,5.43,2005.0,1344,Providence
67.0,UCLA,P10,18-11,10.53,104.4,93.8,71.8,0.036,7.47,103.8,96.3,3.09,2005.0,1417,UCLA
68.0,Miami FL,ACC,16-13,10.53,106.6,96.1,67.9,-0.006,8.49,103.8,95.3,-2.83,2005.0,1274,Miami FL
73.0,Kansas St,B12,17-12,9.8,105.6,95.8,66.3,-0.011,7.86,103.6,95.8,-1.2,2005.0,1243,Kansas St
78.0,St Mary's CA,WCC,25-9,9.22,102.5,93.3,68.1,0.081,2.95,101.9,99.0,0.09,2005.0,1388,St Mary's CA
81.0,Xavier,A10,17-12,8.83,107.6,98.7,65.6,-0.087,1.92,100.3,98.3,5.81,2005.0,1462,Xavier
83.0,Kent,MAC,20-13,8.47,103.0,94.5,68.1,0.002,3.88,102.2,98.3,4.35,2005.0,1245,Kent
89.0,Virginia,ACC,14-15,7.19,103.6,96.4,70.8,0.059,11.55,106.4,94.8,3.28,2005.0,1438,Virginia
93.0,Oregon,P10,14-13,6.6,103.5,96.9,68.9,0.026,7.6,103.5,95.9,2.13,2005.0,1332,Oregon
94.0,Bucknell,Pat,23-10,6.56,98.6,92.0,65.5,0.065,-2.43,98.0,100.4,1.19,2005.0,1137,Bucknell
95.0,Virginia Tech,ACC,16-14,6.56,101.4,94.8,69.0,0.036,7.52,102.7,95.2,-10.62,2005.0,1439,Virginia Tech
100.0,Marquette,CUSA,19-12,6.38,105.5,99.1,63.4,0.052,5.3,102.0,96.7,1.86,2005.0,1266,Marquette
101.0,Florida St,ACC,12-19,6.24,101.0,94.7,68.8,-0.069,10.1,104.8,94.7,0.31,2005.0,1199,Florida St
107.0,Winthrop,BSth,27-6,4.9,97.6,92.7,65.7,0.064,-7.43,96.3,103.7,0.07,2005.0,1457,Winthrop
109.0,Seton Hall,BE,12-16,4.83,96.4,91.6,67.1,-0.034,7.24,103.7,96.4,-2.57,2005.0,1371,Seton Hall
111.0,Dayton,A10,18-11,4.56,98.9,94.3,65.4,-0.001,0.25,99.6,99.4,2.15,2005.0,1173,Dayton
113.0,USC,P10,12-17,4.53,103.9,99.4,73.3,-0.018,7.27,103.2,95.9,2.33,2005.0,1425,USC
117.0,MTSU,SB,19-12,4.35,100.4,96.1,68.5,-0.018,-1.14,99.3,100.4,-2.04,2005.0,1292,MTSU
122.0,Purdue,B10,7-21,3.96,101.5,97.6,66.1,-0.102,12.45,106.2,93.8,7.53,2005.0,1345,Purdue
123.0,VA Commonwealth,CAA,19-13,3.95,101.6,97.7,68.2,-0.033,-1.21,98.5,99.7,1.91,2005.0,1433,VA Commonwealth
127.0,Northwestern,B10,15-16,3.63,97.3,93.7,63.3,0.06,7.71,104.5,96.8,0.14,2005.0,1321,Northwestern
171.0,Northwestern,Slnd,21-12,-0.26,100.2,100.5,71.2,0.075,-2.92,97.8,100.7,7.01,2005.0,1321,Northwestern
128.0,SMU,WAC,14-14,3.56,101.2,97.6,66.5,-0.058,1.08,100.1,99.0,0.26,2005.0,1374,SMU
131.0,Michigan,B10,13-18,3.51,99.9,96.4,64.7,-0.026,7.81,103.4,95.6,2.89,2005.0,1276,Michigan
141.0,Princeton,Ivy,15-13,2.03,101.5,99.4,55.8,-0.017,-1.74,97.8,99.5,3.19,2005.0,1343,Princeton
144.0,Butler,Horz,13-15,1.78,105.5,103.7,60.8,-0.119,-0.72,99.2,99.9,-0.24,2005.0,1139,Butler
155.0,UNC Wilmington,CAA,19-10,0.49,97.2,96.7,65.1,0.076,-3.5,98.1,101.6,-5.56,2005.0,1423,UNC Wilmington
185.0,Iona,MAAC,15-16,-1.97,96.9,98.8,71.2,-0.02,-3.38,99.3,102.7,0.51,2005.0,1233,Iona
187.0,New Orleans,SB,13-17,-2.04,99.2,101.2,67.1,0.003,0.4,100.5,100.1,1.13,2005.0,1309,New Orleans
236.0,Baylor,B12,9-19,-7.43,100.0,107.5,66.5,-0.051,5.71,101.7,96.0,-16.06,2005.0,1124,Baylor
250.0,Rhode Island,A10,6-22,-8.7,91.7,100.4,64.7,-0.024,0.49,99.1,98.6,1.33,2005.0,1348,Rhode Island
257.0,ETSU,SC,10-19,-9.18,98.6,107.8,74.9,-0.059,-3.27,96.8,100.0,2.5,2005.0,1190,ETSU
263.0,Troy,ASun,12-18,-9.75,100.3,110.0,71.6,-0.008,-6.7,95.6,102.3,4.32,2005.0,1407,Troy
265.0,UC Davis,ind,11-17,-9.96,97.8,107.8,67.1,0.013,-3.29,97.6,100.9,-1.78,2005.0,1413,UC Davis
271.0,New Mexico St,SB,6-24,-11.13,93.6,104.7,70.5,-0.041,1.43,100.8,99.4,2.37,2005.0,1308,New Mexico St
286.0,Jacksonville St,OVC,7-22,-13.07,95.3,108.3,69.4,-0.076,-4.06,98.3,102.3,-4.0,2005.0,1240,Jacksonville St
309.0,Mt St Mary's,NEC,7-20,-17.04,91.1,108.2,68.4,-0.05,-9.57,94.5,104.1,-7.92,2005.0,1291,Mt St Mary's
315.0,TX Southern,SWAC,11-14,-18.05,90.1,108.1,70.2,0.052,-14.78,87.9,102.7,-4.14,2005.0,1411,TX Southern
,,,,,,,,,,,,,,1195,FL Gulf Coast
,,,,,,,,,,,,,,1297,N Kentucky
,,,,,,,,,,,,,,1300,NC Central
,,,,,,,,,,,,,,1315,North Dakota
,,,,,,,,,,,,,,1355,S Dakota St
1.0,Florida,SEC,33-6,27.56,113.8,86.2,69.8,-0.011,8.32,104.7,96.4,-4.71,2006.0,1196,Florida
2.0,Duke,ACC,32-4,26.98,115.7,88.7,73.0,0.048,10.75,105.3,94.5,8.2,2006.0,1181,Duke
5.0,Villanova,BE,28-5,23.98,111.7,87.7,69.1,0.081,10.75,105.3,94.6,3.94,2006.0,1437,Villanova
7.0,UCLA,P10,32-7,22.86,108.7,85.8,64.8,0.021,8.77,104.5,95.8,5.61,2006.0,1417,UCLA
9.0,Kansas,B12,25-8,22.69,106.5,83.8,71.0,-0.043,7.19,103.6,96.5,2.89,2006.0,1242,Kansas
10.0,North Carolina,ACC,23-8,21.65,111.8,90.2,73.2,-0.009,9.81,105.1,95.3,2.74,2006.0,1314,North Carolina
16.0,West Virginia,BE,22-11,19.1,112.7,93.6,65.1,-0.047,10.68,105.5,94.8,1.61,2006.0,1452,West Virginia
19.0,Arkansas,SEC,22-10,18.07,108.5,90.4,69.6,-0.061,7.22,103.3,96.1,-0.79,2006.0,1116,Arkansas
20.0,South Carolina,SEC,23-15,18.02,110.5,92.5,63.0,-0.056,10.28,105.5,95.2,2.25,2006.0,1376,South Carolina
23.0,Arizona,P10,20-13,16.85,108.2,91.3,71.0,-0.038,10.68,105.0,94.3,9.99,2006.0,1112,Arizona
24.0,Kentucky,SEC,22-13,16.68,110.7,94.0,67.3,-0.0,10.53,105.4,94.9,5.35,2006.0,1246,Kentucky
26.0,Michigan,B10,22-11,15.69,109.7,94.0,68.7,0.012,9.14,104.3,95.2,2.52,2006.0,1276,Michigan
27.0,Michigan St,B10,22-12,15.67,111.9,96.2,67.6,0.004,9.31,103.7,94.4,1.04,2006.0,1277,Michigan St
28.0,Wichita St,MVC,26-9,15.66,107.8,92.2,65.7,0.032,6.4,102.1,95.7,2.02,2006.0,1455,Wichita St
29.0,Notre Dame,BE,16-14,15.57,113.2,97.6,67.4,-0.144,8.79,105.8,97.0,-0.97,2006.0,1323,Notre Dame
33.0,Gonzaga,WCC,29-4,15.32,114.9,99.6,70.0,0.036,5.48,102.0,96.5,9.77,2006.0,1211,Gonzaga
36.0,Marquette,BE,20-11,15.03,108.6,93.5,71.0,-0.011,9.28,105.8,96.5,0.79,2006.0,1266,Marquette
37.0,Nevada,WAC,27-6,14.8,106.0,91.2,68.9,0.025,2.57,100.9,98.4,4.05,2006.0,1305,Nevada
38.0,Wisconsin,B10,19-12,14.68,108.0,93.3,68.2,-0.023,8.97,104.1,95.1,3.97,2006.0,1458,Wisconsin
39.0,Florida St,ACC,20-10,14.67,106.8,92.2,71.1,-0.032,6.76,103.7,97.0,-7.99,2006.0,1199,Florida St
41.0,UNC Wilmington,CAA,25-8,14.43,103.3,88.9,66.1,-0.005,1.43,100.6,99.2,-0.42,2006.0,1423,UNC Wilmington
44.0,Cincinnati,BE,21-13,14.0,107.1,93.1,71.6,-0.001,10.45,104.8,94.4,5.56,2006.0,1153,Cincinnati
45.0,Louisville,BE,21-13,13.86,105.3,91.4,67.3,-0.042,7.97,104.7,96.7,-1.76,2006.0,1257,Louisville
49.0,Vanderbilt,SEC,17-13,13.17,110.5,97.4,65.3,-0.029,9.26,105.5,96.2,0.32,2006.0,1435,Vanderbilt
51.0,Creighton,MVC,20-10,12.83,103.4,90.6,65.7,0.001,6.15,101.4,95.3,1.21,2006.0,1166,Creighton
53.0,Xavier,A10,21-11,12.5,107.2,94.7,67.8,-0.066,3.06,101.1,98.0,-1.0,2006.0,1462,Xavier
54.0,Oklahoma St,B12,17-16,12.45,103.8,91.4,68.2,-0.096,6.99,103.9,96.9,1.25,2006.0,1329,Oklahoma St
55.0,Miami FL,ACC,18-16,12.43,107.2,94.7,64.5,-0.039,9.67,105.2,95.6,0.3,2006.0,1274,Miami FL
56.0,Bucknell,Pat,27-5,12.38,102.3,89.9,64.6,0.093,-3.27,97.2,100.4,5.17,2006.0,1137,Bucknell
58.0,Maryland,ACC,19-13,12.31,103.3,91.0,76.3,-0.021,8.88,105.3,96.4,1.07,2006.0,1268,Maryland
61.0,Butler,Horz,20-13,11.67,110.8,99.2,61.7,-0.073,0.84,99.9,99.1,2.77,2006.0,1139,Butler
64.0,Iona,MAAC,23-8,11.1,105.8,94.7,73.2,0.024,0.21,102.8,102.5,2.22,2006.0,1233,Iona
65.0,Oregon,P10,15-18,11.04,108.1,97.1,66.2,-0.143,7.86,103.3,95.4,0.76,2006.0,1332,Oregon
70.0,Kent,MAC,25-9,10.27,104.5,94.2,68.8,0.019,0.92,100.5,99.5,-0.64,2006.0,1245,Kent
74.0,Virginia Tech,ACC,14-16,9.97,104.6,94.7,66.5,-0.148,6.44,102.7,96.3,-5.83,2006.0,1439,Virginia Tech
75.0,Winthrop,BSth,23-8,9.9,100.5,90.6,67.4,-0.027,-4.67,99.5,104.1,6.27,2006.0,1457,Winthrop
76.0,Iowa St,B12,16-14,9.77,107.4,97.6,73.1,-0.051,7.59,103.1,95.5,4.29,2006.0,1235,Iowa St
77.0,Kansas St,B12,15-13,9.39,102.2,92.8,66.7,-0.097,4.93,102.8,97.9,-1.96,2006.0,1243,Kansas St
79.0,Wake Forest,ACC,17-17,9.26,107.0,97.8,69.5,-0.034,8.98,104.9,96.0,-1.43,2006.0,1448,Wake Forest
80.0,Providence,BE,12-15,9.2,108.4,99.2,71.9,-0.057,9.74,105.8,96.0,3.65,2006.0,1344,Providence
81.0,Minnesota,B10,16-15,9.14,100.7,91.6,67.7,-0.016,8.03,103.7,95.6,-1.13,2006.0,1278,Minnesota
82.0,Virginia,ACC,15-15,9.12,102.0,92.9,67.8,-0.013,8.68,105.2,96.5,-2.04,2006.0,1438,Virginia
87.0,Seton Hall,BE,18-12,8.81,102.4,93.6,68.9,0.086,7.95,103.5,95.6,1.87,2006.0,1371,Seton Hall
93.0,Northwestern,Slnd,26-8,7.32,103.0,95.7,70.7,0.017,-2.11,98.9,101.0,5.77,2006.0,1321,Northwestern
123.0,Northwestern,B10,14-15,4.76,99.0,94.3,61.0,0.003,7.39,104.0,96.6,-0.03,2006.0,1321,Northwestern
102.0,USC,P10,17-13,6.57,101.1,94.5,70.3,0.021,6.46,102.5,96.1,-3.82,2006.0,1425,USC
103.0,VA Commonwealth,CAA,19-10,6.53,103.4,96.9,65.4,0.005,-0.52,99.2,99.8,-3.59,2006.0,1433,VA Commonwealth
106.0,St Mary's CA,WCC,17-12,6.25,101.8,95.5,67.6,-0.031,2.52,101.4,98.9,4.82,2006.0,1388,St Mary's CA
126.0,New Mexico St,WAC,16-14,4.09,101.8,97.7,69.6,0.044,3.73,101.3,97.6,3.66,2006.0,1308,New Mexico St
131.0,Dayton,A10,14-17,3.14,99.2,96.0,65.1,-0.092,3.17,101.0,97.8,0.36,2006.0,1173,Dayton
150.0,Rhode Island,A10,14-14,0.54,99.7,99.2,65.5,0.043,2.56,100.7,98.1,-0.29,2006.0,1348,Rhode Island
154.0,Purdue,B10,9-19,0.17,97.9,97.7,69.2,-0.009,8.48,104.7,96.2,0.8,2006.0,1345,Purdue
155.0,Baylor,B12,4-13,0.15,99.8,99.6,68.0,-0.046,11.57,105.6,94.1,0.0,2006.0,1124,Baylor
159.0,MTSU,SB,16-12,-0.12,101.6,101.7,67.7,0.064,-1.56,99.3,100.9,0.28,2006.0,1292,MTSU
167.0,Troy,SB,14-15,-0.76,101.5,102.2,68.5,-0.106,-3.49,98.1,101.6,-6.18,2006.0,1407,Troy
186.0,SMU,CUSA,13-16,-2.3,94.6,96.9,68.0,-0.113,-3.68,96.0,99.7,-9.2,2006.0,1374,SMU
196.0,Vermont,AE,13-17,-3.22,94.9,98.2,67.7,-0.067,-4.26,96.9,101.1,2.11,2006.0,1436,Vermont
207.0,Jacksonville St,OVC,16-13,-4.35,103.3,107.6,72.2,0.034,-5.19,98.5,103.7,1.52,2006.0,1240,Jacksonville St
221.0,ETSU,ASun,15-13,-5.58,96.5,102.1,76.1,-0.066,-10.93,96.1,107.0,-4.19,2006.0,1190,ETSU
230.0,New Orleans,SB,10-19,-6.37,95.6,102.0,66.7,0.003,0.25,99.2,98.9,3.49,2006.0,1309,New Orleans
242.0,Mt St Mary's,NEC,13-17,-7.46,93.0,100.4,67.2,-0.008,-5.86,97.4,103.3,-1.7,2006.0,1291,Mt St Mary's
264.0,Princeton,Ivy,12-15,-9.09,94.0,103.0,56.2,0.064,-4.76,95.9,100.7,0.85,2006.0,1343,Princeton
287.0,UC Davis,ind,8-20,-12.35,94.8,107.2,66.3,-0.005,-2.25,99.9,102.2,-1.99,2006.0,1413,UC Davis
299.0,S Dakota St,ind,9-20,-14.64,87.6,102.2,70.4,0.067,-1.33,100.6,101.9,3.28,2006.0,1355,S Dakota St
319.0,TX Southern,SWAC,8-22,-18.73,88.2,107.0,73.0,-0.041,-8.17,93.8,101.9,9.67,2006.0,1411,TX Southern
,,,,,,,,,,,,,,1195,FL Gulf Coast
,,,,,,,,,,,,,,1297,N Kentucky
,,,,,,,,,,,,,,1300,NC Central
,,,,,,,,,,,,,,1315,North Dakota
1.0,North Carolina,ACC,31-7,30.78,117.0,86.2,74.5,-0.046,11.47,107.7,96.2,5.4,2007.0,1314,North Carolina
2.0,Florida,SEC,35-5,30.18,118.5,88.4,68.3,0.029,8.89,105.4,96.5,-3.15,2007.0,1196,Florida
5.0,Kansas,B12,33-5,27.18,110.7,83.5,71.1,0.032,7.56,104.9,97.3,2.26,2007.0,1242,Kansas
6.0,UCLA,P10,30-6,26.52,111.0,84.4,66.1,0.019,11.86,107.8,95.9,9.25,2007.0,1417,UCLA
8.0,Wisconsin,B10,30-6,24.88,110.7,85.9,65.9,0.034,8.88,104.9,96.0,2.2,2007.0,1458,Wisconsin
10.0,Duke,ACC,22-11,22.76,108.2,85.5,67.6,-0.073,12.69,107.9,95.2,7.57,2007.0,1181,Duke
12.0,Maryland,ACC,25-9,21.98,108.2,86.3,73.8,-0.027,9.49,105.7,96.2,0.75,2007.0,1268,Maryland
13.0,Kentucky,SEC,22-12,21.29,112.1,90.8,68.8,-0.029,13.9,107.7,93.8,11.2,2007.0,1246,Kentucky
15.0,Butler,Horz,29-7,20.93,113.1,92.2,61.0,0.015,5.04,103.0,98.0,8.59,2007.0,1139,Butler
17.0,Michigan St,B10,23-12,20.53,107.8,87.3,63.3,-0.036,10.68,106.3,95.7,3.13,2007.0,1277,Michigan St
18.0,Oregon,P10,29-8,20.32,114.0,93.7,67.8,0.032,7.84,104.7,96.9,-4.73,2007.0,1332,Oregon
20.0,Louisville,BE,24-10,19.89,109.4,89.5,67.0,-0.045,8.97,105.0,96.1,1.34,2007.0,1257,Louisville
21.0,Villanova,BE,22-11,19.72,108.3,88.6,68.9,-0.036,11.08,106.8,95.7,3.63,2007.0,1437,Villanova
22.0,Notre Dame,BE,24-8,19.62,113.9,94.3,72.6,-0.018,5.2,102.7,97.5,-8.1,2007.0,1323,Notre Dame
24.0,Arizona,P10,20-11,18.97,115.2,96.2,70.6,-0.008,12.7,107.1,94.4,12.27,2007.0,1112,Arizona
28.0,Creighton,MVC,22-11,18.2,110.0,91.8,64.7,-0.023,8.69,104.6,95.9,4.12,2007.0,1166,Creighton
31.0,Purdue,B10,22-12,17.96,106.2,88.3,68.7,0.002,10.17,106.5,96.3,3.86,2007.0,1345,Purdue
32.0,Xavier,A10,25-9,17.85,112.8,95.0,68.3,-0.047,4.05,103.5,99.4,6.3,2007.0,1462,Xavier
33.0,West Virginia,BE,27-9,17.68,112.3,94.6,65.7,0.022,6.52,103.8,97.3,-4.39,2007.0,1452,West Virginia
34.0,Florida St,ACC,22-13,17.44,111.8,94.4,68.7,-0.007,10.65,106.6,96.0,-0.63,2007.0,1199,Florida St
37.0,Virginia Tech,ACC,22-12,17.02,108.2,91.1,66.5,-0.004,9.97,106.4,96.5,1.45,2007.0,1439,Virginia Tech
38.0,Marquette,BE,24-10,16.76,107.2,90.4,69.7,0.009,8.74,105.1,96.4,-0.13,2007.0,1266,Marquette
40.0,USC,P10,25-12,16.45,107.0,90.5,69.1,0.017,9.37,105.2,95.8,-2.09,2007.0,1425,USC
42.0,Arkansas,SEC,21-14,16.3,105.8,89.5,69.2,-0.022,10.72,106.9,96.2,4.17,2007.0,1116,Arkansas
44.0,Vanderbilt,SEC,22-12,15.86,110.5,94.7,69.3,0.008,10.01,106.2,96.2,-0.16,2007.0,1435,Vanderbilt
46.0,Nevada,WAC,29-5,15.84,113.1,97.2,68.4,0.03,2.34,100.8,98.5,2.51,2007.0,1305,Nevada
48.0,Virginia,ACC,21-11,15.08,108.8,93.7,71.6,0.007,9.3,106.2,96.9,-0.52,2007.0,1438,Virginia
49.0,Gonzaga,WCC,23-11,15.0,110.1,95.1,70.3,-0.032,4.55,103.3,98.7,10.14,2007.0,1211,Gonzaga
51.0,Winthrop,BSth,29-5,14.37,107.5,93.1,66.8,0.055,-3.16,99.3,102.4,10.33,2007.0,1457,Winthrop
54.0,VA Commonwealth,CAA,28-7,14.1,111.7,97.6,67.9,0.003,0.59,100.8,100.2,0.93,2007.0,1433,VA Commonwealth
57.0,Kansas St,B12,23-12,13.38,104.6,91.2,68.8,0.026,5.71,104.0,98.3,-1.42,2007.0,1243,Kansas St
60.0,Michigan,B10,22-13,13.17,104.2,91.1,65.3,0.038,8.53,104.8,96.2,-0.55,2007.0,1276,Michigan
65.0,Wichita St,MVC,17-14,12.13,106.2,94.0,66.3,-0.07,8.24,105.8,97.6,2.17,2007.0,1455,Wichita St
71.0,Providence,BE,18-13,10.68,107.5,96.8,71.6,-0.024,6.89,104.5,97.6,-0.47,2007.0,1344,Providence
74.0,Oklahoma St,B12,22-13,10.37,104.9,94.5,68.3,0.045,8.17,105.3,97.1,0.85,2007.0,1329,Oklahoma St
81.0,Kent,MAC,21-11,9.66,100.7,91.0,67.8,0.002,1.42,101.6,100.2,1.59,2007.0,1245,Kent
93.0,New Mexico St,WAC,25-9,7.21,104.3,97.1,72.5,0.036,0.76,101.2,100.5,-2.32,2007.0,1308,New Mexico St
98.0,Bucknell,Pat,22-9,6.73,102.6,95.9,63.0,-0.001,-3.83,97.3,101.1,1.24,2007.0,1137,Bucknell
102.0,St Mary's CA,WCC,17-15,6.34,101.7,95.4,68.2,-0.102,1.56,100.6,99.0,4.6,2007.0,1388,St Mary's CA
103.0,Wake Forest,ACC,15-16,6.32,103.9,97.6,72.4,0.049,10.63,107.2,96.5,-0.95,2007.0,1448,Wake Forest
106.0,Seton Hall,BE,13-16,5.93,103.7,97.7,72.7,-0.099,6.23,103.7,97.5,-1.55,2007.0,1371,Seton Hall
107.0,Baylor,B12,15-16,5.81,106.9,101.1,69.4,-0.057,5.91,103.8,97.9,-8.61,2007.0,1124,Baylor
109.0,Miami FL,ACC,12-20,5.66,108.3,102.7,66.7,-0.078,9.15,105.8,96.7,-2.73,2007.0,1274,Miami FL
122.0,Dayton,A10,19-12,4.05,101.0,97.0,66.5,0.088,2.45,102.8,100.3,2.52,2007.0,1173,Dayton
123.0,Vermont,AE,25-8,4.04,101.2,97.1,68.4,0.056,-5.82,97.0,102.9,-3.12,2007.0,1436,Vermont
126.0,South Carolina,SEC,14-16,3.91,105.4,101.5,63.7,0.067,10.04,105.7,95.7,-1.25,2007.0,1376,South Carolina
134.0,Iowa St,B12,15-16,2.62,96.7,94.1,66.6,0.038,6.29,104.1,97.9,-2.51,2007.0,1235,Iowa St
135.0,Rhode Island,A10,19-14,2.57,108.7,106.1,70.0,0.066,2.55,102.4,99.9,2.1,2007.0,1348,Rhode Island
136.0,Northwestern,B10,13-18,2.45,100.4,98.0,59.6,-0.05,8.22,104.6,96.4,-1.46,2007.0,1321,Northwestern
165.0,Northwestern,Slnd,17-15,-1.26,100.9,102.1,76.3,-0.0,-4.21,98.1,102.3,2.74,2007.0,1321,Northwestern
142.0,Cincinnati,BE,11-19,1.85,99.4,97.5,66.9,-0.031,8.45,105.8,97.4,2.7,2007.0,1153,Cincinnati
160.0,Minnesota,B10,9-22,-0.51,96.8,97.3,66.7,-0.029,9.02,104.4,95.4,1.3,2007.0,1278,Minnesota
166.0,ETSU,ASun,24-10,-1.46,94.8,96.3,72.3,0.1,-7.52,96.4,103.9,-2.18,2007.0,1190,ETSU
168.0,SMU,CUSA,14-17,-1.52,97.6,99.1,63.7,-0.049,0.44,99.0,98.5,-4.57,2007.0,1374,SMU
202.0,MTSU,SB,15-17,-4.27,94.0,98.3,63.8,0.002,-3.52,100.2,103.7,3.62,2007.0,1292,MTSU
225.0,UNC Wilmington,CAA,7-22,-6.89,95.1,102.0,68.2,-0.043,1.11,101.8,100.7,1.96,2007.0,1423,UNC Wilmington
227.0,Troy,SB,13-17,-7.06,100.5,107.5,70.0,0.018,-4.6,99.5,104.1,-0.58,2007.0,1407,Troy
231.0,New Orleans,SB,14-17,-7.12,103.4,110.6,67.4,0.004,-5.13,98.6,103.7,1.81,2007.0,1309,New Orleans
240.0,Mt St Mary's,NEC,11-20,-8.33,91.1,99.5,67.3,-0.042,-6.72,98.5,105.3,-0.81,2007.0,1291,Mt St Mary's
268.0,Princeton,Ivy,11-17,-10.41,88.0,98.4,55.3,-0.007,-5.63,98.3,103.9,-5.88,2007.0,1343,Princeton
294.0,Jacksonville St,OVC,9-21,-13.86,93.3,107.2,68.3,-0.011,-7.98,97.3,105.3,-4.18,2007.0,1240,Jacksonville St
318.0,UC Davis,ind,5-23,-17.69,89.3,107.0,71.9,0.019,-3.49,99.2,102.7,-4.17,2007.0,1413,UC Davis
319.0,S Dakota St,ind,6-24,-17.95,90.4,108.3,67.8,-0.034,-5.55,97.9,103.4,-4.98,2007.0,1355,S Dakota St
321.0,TX Southern,SWAC,14-17,-18.37,86.0,104.3,72.0,0.09,-11.82,91.7,103.5,6.67,2007.0,1411,TX Southern
323.0,Iona,MAAC,2-28,-19.0,83.8,102.8,67.9,-0.041,-4.63,98.7,103.4,-1.18,2007.0,1233,Iona
,,,,,,,,,,,,,,1195,FL Gulf Coast
,,,,,,,,,,,,,,1297,N Kentucky
,,,,,,,,,,,,,,1300,NC Central
,,,,,,,,,,,,,,1315,North Dakota
1.0,Kansas,B12,37-3,34.39,116.7,82.3,69.9,0.012,9.71,106.0,96.3,1.98,2008.0,1242,Kansas
3.0,North Carolina,ACC,36-3,29.56,118.2,88.6,75.7,0.05,10.27,104.8,94.5,2.9,2008.0,1314,North Carolina
4.0,UCLA,P10,35-4,29.27,113.9,84.6,67.3,0.047,10.87,106.4,95.5,1.84,2008.0,1417,UCLA
5.0,Wisconsin,B10,31-5,26.24,109.8,83.6,64.2,0.043,8.15,104.0,95.9,3.64,2008.0,1458,Wisconsin
6.0,Duke,ACC,28-6,25.84,112.2,86.4,75.1,-0.006,10.51,106.0,95.5,5.87,2008.0,1181,Duke
8.0,Louisville,BE,27-9,24.9,109.4,84.5,68.4,-0.057,9.85,105.3,95.4,3.51,2008.0,1257,Louisville
13.0,Marquette,BE,25-10,21.74,110.7,88.9,70.3,-0.027,9.25,104.9,95.6,-1.66,2008.0,1266,Marquette
15.0,Xavier,A10,30-7,21.61,113.4,91.8,66.8,0.054,7.51,105.1,97.6,5.65,2008.0,1462,Xavier
18.0,West Virginia,BE,26-11,20.72,110.1,89.3,67.3,-0.017,9.33,105.2,95.9,-0.78,2008.0,1452,West Virginia
19.0,Michigan St,B10,27-9,20.54,110.9,90.4,66.8,0.033,9.32,105.2,95.9,3.64,2008.0,1277,Michigan St
20.0,Butler,Horz,30-4,19.56,112.4,92.8,62.7,0.003,3.17,101.1,97.9,5.84,2008.0,1139,Butler
23.0,Notre Dame,BE,25-8,18.67,110.9,92.3,72.6,0.043,7.94,104.5,96.5,-2.82,2008.0,1323,Notre Dame
24.0,Arizona,P10,19-15,18.64,112.5,93.9,66.7,-0.077,12.94,107.0,94.1,10.22,2008.0,1112,Arizona
25.0,Kansas St,B12,21-12,18.54,110.0,91.4,72.9,-0.048,9.51,104.9,95.4,-0.06,2008.0,1243,Kansas St
26.0,Gonzaga,WCC,25-8,18.54,109.9,91.4,69.4,-0.03,3.17,101.1,97.9,9.14,2008.0,1211,Gonzaga
28.0,USC,P10,21-12,18.19,106.5,88.3,68.0,-0.004,11.67,106.7,95.0,2.24,2008.0,1425,USC
30.0,Purdue,B10,25-9,17.87,106.6,88.7,69.5,-0.024,7.08,103.0,95.9,-0.18,2008.0,1345,Purdue
34.0,Virginia Tech,ACC,21-14,15.91,103.3,87.4,69.1,-0.048,7.87,104.9,97.0,0.33,2008.0,1439,Virginia Tech
36.0,Oregon,P10,18-14,15.3,114.9,99.6,68.7,-0.034,10.63,105.7,95.1,1.53,2008.0,1332,Oregon
37.0,Florida,SEC,24-12,15.09,111.7,96.6,68.6,-0.042,4.81,102.6,97.8,-4.68,2008.0,1196,Florida
38.0,Miami FL,ACC,23-11,15.02,108.2,93.2,69.4,-0.003,8.18,103.5,95.4,-2.81,2008.0,1274,Miami FL
40.0,Arkansas,SEC,23-12,14.83,107.8,93.0,70.0,0.009,8.0,105.4,97.4,2.32,2008.0,1116,Arkansas
41.0,Baylor,B12,21-11,14.51,111.4,96.9,73.0,-0.028,8.23,103.9,95.7,-2.82,2008.0,1124,Baylor
42.0,St Mary's CA,WCC,25-7,14.4,105.6,91.2,69.6,0.03,0.68,100.2,99.5,4.01,2008.0,1388,St Mary's CA
46.0,Villanova,BE,22-13,13.84,105.6,91.8,71.0,0.037,9.23,105.5,96.2,-0.29,2008.0,1437,Villanova
55.0,Kent,MAC,28-7,12.73,103.7,90.9,67.9,0.075,1.46,100.3,98.8,1.31,2008.0,1245,Kent
56.0,Vanderbilt,SEC,26-8,12.32,108.4,96.1,71.9,0.11,6.45,104.7,98.3,1.36,2008.0,1435,Vanderbilt
59.0,Florida St,ACC,19-15,11.97,104.6,92.6,68.6,-0.034,9.24,105.5,96.2,1.38,2008.0,1199,Florida St
62.0,Dayton,A10,23-11,11.72,108.0,96.3,64.0,0.056,5.87,103.4,97.6,1.93,2008.0,1173,Dayton
63.0,Maryland,ACC,19-15,11.72,103.6,91.9,73.2,-0.042,8.31,103.6,95.3,1.29,2008.0,1268,Maryland
68.0,VA Commonwealth,CAA,24-8,11.22,100.5,89.3,67.0,-0.04,-1.35,99.3,100.7,2.45,2008.0,1433,VA Commonwealth
71.0,Minnesota,B10,20-14,10.99,104.3,93.4,67.9,-0.024,6.0,102.5,96.5,-3.67,2008.0,1278,Minnesota
72.0,Rhode Island,A10,21-12,10.96,111.0,100.0,73.3,-0.059,3.56,102.4,98.8,-0.66,2008.0,1348,Rhode Island
73.0,Oklahoma St,B12,17-16,10.65,105.2,94.5,67.7,-0.031,9.94,105.2,95.2,1.49,2008.0,1329,Oklahoma St
74.0,Creighton,MVC,22-11,10.6,104.6,94.0,68.5,0.049,5.71,103.0,97.3,-0.27,2008.0,1166,Creighton
75.0,Wake Forest,ACC,17-13,10.58,103.7,93.2,71.9,-0.015,7.27,103.2,95.9,-2.19,2008.0,1448,Wake Forest
79.0,Kentucky,SEC,18-13,9.74,104.6,94.9,65.6,0.011,7.78,104.5,96.7,0.91,2008.0,1246,Kentucky
85.0,Providence,BE,15-16,9.29,106.4,97.1,69.4,-0.025,9.46,105.7,96.3,2.71,2008.0,1344,Providence
90.0,Virginia,ACC,17-16,7.9,106.6,98.7,72.1,-0.023,7.42,104.1,96.7,-2.85,2008.0,1438,Virginia
99.0,New Mexico St,WAC,21-14,6.8,104.7,98.0,73.4,-0.06,-1.08,100.9,101.9,4.64,2008.0,1308,New Mexico St
102.0,Nevada,WAC,21-12,6.45,104.2,97.8,70.8,0.014,0.05,101.6,101.5,4.97,2008.0,1305,Nevada
103.0,Cincinnati,BE,13-19,6.45,101.2,94.8,66.2,-0.007,9.77,105.6,95.8,3.42,2008.0,1153,Cincinnati
104.0,Winthrop,BSth,22-12,6.3,95.5,89.2,65.0,-0.001,-1.28,101.6,102.9,7.56,2008.0,1457,Winthrop
106.0,South Carolina,SEC,14-18,5.93,104.4,98.5,68.6,-0.086,7.52,105.2,97.7,0.74,2008.0,1376,South Carolina
107.0,Seton Hall,BE,17-15,5.87,106.1,100.2,72.7,0.04,6.4,103.4,97.0,-2.76,2008.0,1371,Seton Hall
123.0,Iowa St,B12,14-18,4.42,97.9,93.5,67.1,-0.017,8.71,104.5,95.8,-1.78,2008.0,1235,Iowa St
138.0,Michigan,B10,10-22,2.66,99.9,97.2,67.1,-0.036,9.92,104.8,94.9,6.52,2008.0,1276,Michigan
155.0,Wichita St,MVC,11-20,1.32,99.5,98.2,64.4,-0.069,4.33,102.7,98.4,-0.63,2008.0,1455,Wichita St
162.0,UNC Wilmington,CAA,20-13,0.31,104.4,104.1,69.4,0.062,-2.43,98.4,100.8,-4.61,2008.0,1423,UNC Wilmington
165.0,MTSU,SB,17-15,-0.18,101.2,101.4,66.0,0.063,0.07,101.6,101.5,5.41,2008.0,1292,MTSU
173.0,Mt St Mary's,NEC,19-15,-1.29,95.7,97.0,69.6,0.016,-5.47,98.1,103.6,0.0,2008.0,1291,Mt St Mary's
174.0,ETSU,ASun,19-13,-1.4,99.9,101.3,75.1,0.067,-3.68,98.3,102.0,2.71,2008.0,1190,ETSU
175.0,Vermont,AE,16-15,-1.66,97.6,99.3,71.6,-0.055,-6.42,97.6,104.0,-4.67,2008.0,1436,Vermont
179.0,New Orleans,SB,19-13,-2.07,100.9,102.9,70.6,0.049,-3.52,98.5,102.1,-5.89,2008.0,1309,New Orleans
191.0,Northwestern,B10,8-22,-3.11,101.1,104.2,64.0,-0.058,8.19,103.9,95.8,-2.46,2008.0,1321,Northwestern
253.0,Northwestern,Slnd,15-18,-8.35,95.0,103.3,75.5,0.089,-2.78,97.5,100.3,2.64,2008.0,1321,Northwestern
219.0,Iona,MAAC,12-20,-5.54,91.8,97.3,69.6,-0.026,-2.93,99.4,102.3,-2.0,2008.0,1233,Iona
239.0,Bucknell,Pat,12-19,-7.24,92.1,99.3,65.7,0.048,-3.05,98.2,101.2,-1.34,2008.0,1137,Bucknell
241.0,Troy,SB,12-19,-7.31,100.7,108.0,72.9,-0.031,-2.13,99.8,101.9,-3.8,2008.0,1407,Troy
273.0,S Dakota St,Sum,8-21,-10.29,95.3,105.6,67.5,-0.067,-3.18,99.8,103.0,-5.3,2008.0,1355,S Dakota St
283.0,SMU,CUSA,10-20,-11.84,91.6,103.5,67.7,0.053,0.85,100.2,99.3,-6.9,2008.0,1374,SMU
307.0,FL Gulf Coast,ASun,10-21,-14.98,90.6,105.6,70.9,0.034,-6.59,96.1,102.7,-1.31,2008.0,1195,FL Gulf Coast
312.0,Princeton,Ivy,6-23,-15.36,89.6,104.9,62.1,-0.041,-4.63,98.3,103.0,-1.06,2008.0,1343,Princeton
322.0,UC Davis,BW,9-22,-17.41,94.3,111.7,65.9,0.011,-3.23,98.6,101.8,-4.27,2008.0,1413,UC Davis
326.0,Jacksonville St,OVC,7-22,-18.1,93.6,111.7,70.7,-0.081,-10.2,96.0,106.2,-9.74,2008.0,1240,Jacksonville St
334.0,TX Southern,SWAC,7-25,-22.57,84.4,107.0,71.2,-0.001,-9.67,94.2,103.8,3.39,2008.0,1411,TX Southern
335.0,NC Central,ind,4-26,-22.64,81.5,104.1,71.6,0.033,1.49,101.2,99.7,3.09,2008.0,1300,NC Central
,,,,,,,,,,,,,,1297,N Kentucky
,,,,,,,,,,,,,,1315,North Dakota
1.0,North Carolina,ACC,34-4,30.53,119.8,89.3,75.5,-0.011,9.92,105.0,95.1,2.82,2009.0,1314,North Carolina
5.0,Louisville,BE,31-6,25.53,108.3,82.7,69.6,0.068,10.64,105.9,95.3,4.21,2009.0,1257,Louisville
8.0,Gonzaga,WCC,28-6,23.84,113.3,89.4,69.9,0.003,4.48,102.1,97.7,10.17,2009.0,1211,Gonzaga
9.0,Duke,ACC,30-7,23.78,114.0,90.2,69.3,0.053,10.85,105.6,94.8,5.44,2009.0,1181,Duke
10.0,Michigan St,B10,31-7,23.75,110.4,86.6,69.1,0.092,12.0,106.0,94.0,7.08,2009.0,1277,Michigan St
11.0,West Virginia,BE,23-12,23.65,110.3,86.7,67.0,-0.068,10.74,105.7,95.0,3.02,2009.0,1452,West Virginia
12.0,UCLA,P10,26-9,23.44,115.8,92.3,67.5,-0.03,9.56,104.9,95.3,0.71,2009.0,1417,UCLA
13.0,Kansas,B12,27-8,23.32,110.5,87.2,70.6,-0.012,10.01,105.5,95.4,5.33,2009.0,1242,Kansas
14.0,Villanova,BE,30-8,23.26,110.1,86.8,71.8,0.021,10.86,106.1,95.3,-2.08,2009.0,1437,Villanova
18.0,Purdue,B10,27-10,21.36,106.5,85.1,68.2,-0.013,9.78,104.4,94.6,-1.63,2009.0,1345,Purdue
19.0,Marquette,BE,25-10,20.52,113.5,93.0,70.1,-0.013,8.65,104.7,96.1,-1.34,2009.0,1266,Marquette
20.0,Xavier,A10,27-8,19.79,107.0,87.2,68.3,-0.007,6.19,102.9,96.7,9.07,2009.0,1462,Xavier
24.0,Wake Forest,ACC,24-7,18.54,108.1,89.5,75.7,0.052,7.5,104.3,96.8,-3.05,2009.0,1448,Wake Forest
26.0,Oklahoma St,B12,23-12,17.96,113.3,95.3,72.1,-0.003,11.05,105.9,94.9,2.32,2009.0,1329,Oklahoma St
27.0,USC,P10,22-13,17.82,106.1,88.3,66.6,-0.032,11.87,107.9,96.1,4.54,2009.0,1425,USC
29.0,Wisconsin,B10,20-13,17.24,109.9,92.7,61.0,-0.051,10.25,104.4,94.2,4.19,2009.0,1458,Wisconsin
33.0,Baylor,B12,24-15,15.99,112.4,96.4,68.6,-0.017,11.01,105.8,94.7,1.43,2009.0,1124,Baylor
35.0,Florida,SEC,25-11,15.78,111.5,95.7,68.9,-0.076,4.38,101.8,97.4,-4.02,2009.0,1196,Florida
37.0,Arizona,P10,21-14,15.55,114.0,98.4,67.1,0.019,12.03,106.3,94.2,5.14,2009.0,1112,Arizona
38.0,Butler,Horz,26-6,15.5,106.9,91.4,65.1,-0.014,2.83,99.9,97.1,5.81,2009.0,1139,Butler
39.0,Florida St,ACC,25-10,15.36,102.0,86.7,68.7,0.066,9.83,105.9,96.1,1.64,2009.0,1199,Florida St
40.0,Notre Dame,BE,21-15,15.04,111.3,96.2,69.8,-0.033,10.76,104.7,93.9,-1.56,2009.0,1323,Notre Dame
41.0,Minnesota,B10,22-11,14.99,103.7,88.7,66.9,0.031,9.68,104.8,95.1,0.25,2009.0,1278,Minnesota
43.0,Miami FL,ACC,19-13,14.91,107.1,92.2,67.3,-0.048,8.93,104.8,95.9,-1.69,2009.0,1274,Miami FL
47.0,Michigan,B10,21-14,14.47,108.3,93.8,64.5,0.014,11.68,105.4,93.7,3.13,2009.0,1276,Michigan
48.0,Kentucky,SEC,22-14,14.36,104.3,89.9,70.0,-0.073,6.02,103.8,97.8,-1.31,2009.0,1246,Kentucky
51.0,Kansas St,B12,22-12,13.86,105.5,91.6,70.0,-0.02,6.65,103.5,96.9,-4.71,2009.0,1243,Kansas St
54.0,VA Commonwealth,CAA,24-10,13.24,105.8,92.5,68.3,-0.072,0.56,99.9,99.4,3.41,2009.0,1433,VA Commonwealth
55.0,Maryland,ACC,21-14,13.24,105.8,92.5,69.5,0.04,10.69,105.7,95.0,1.18,2009.0,1268,Maryland
56.0,St Mary's CA,WCC,28-7,13.08,107.1,94.1,68.8,0.082,1.93,100.6,98.6,1.61,2009.0,1388,St Mary's CA
61.0,Rhode Island,A10,23-11,12.03,109.8,97.8,70.7,-0.042,2.67,101.3,98.7,0.26,2009.0,1348,Rhode Island
65.0,Northwestern,B10,17-14,11.67,106.9,95.3,63.1,-0.029,8.5,103.6,95.1,-2.26,2009.0,1321,Northwestern
315.0,Northwestern,Slnd,11-20,-15.94,88.5,104.4,77.3,0.062,-3.38,97.4,100.8,-3.57,2009.0,1321,Northwestern
68.0,Creighton,MVC,27-8,11.62,107.6,96.0,69.6,0.049,1.89,99.7,97.8,-0.56,2009.0,1166,Creighton
71.0,Virginia Tech,ACC,19-15,11.17,107.0,95.8,68.4,-0.007,8.54,104.6,96.1,-1.98,2009.0,1439,Virginia Tech
72.0,South Carolina,SEC,21-10,11.16,104.0,92.8,74.8,-0.012,3.88,101.6,97.8,-6.45,2009.0,1376,South Carolina
76.0,Seton Hall,BE,17-15,10.05,106.8,96.8,70.4,-0.024,8.37,103.4,95.0,-3.48,2009.0,1371,Seton Hall
77.0,Dayton,A10,27-8,10.04,99.7,89.6,67.0,0.108,3.36,102.1,98.8,-1.39,2009.0,1173,Dayton
78.0,Providence,BE,19-14,10.03,107.3,97.3,74.8,0.033,8.54,104.4,95.8,-1.36,2009.0,1344,Providence
80.0,Vanderbilt,SEC,19-12,9.84,104.0,94.1,68.4,-0.01,4.45,101.4,96.9,-2.84,2009.0,1435,Vanderbilt
84.0,Vermont,AE,24-9,8.9,105.2,96.3,71.2,-0.02,-5.33,96.6,101.9,-3.85,2009.0,1436,Vermont
86.0,Cincinnati,BE,18-14,8.53,104.5,96.0,66.6,0.032,9.13,104.1,95.0,1.76,2009.0,1153,Cincinnati
103.0,Nevada,WAC,21-13,6.01,101.8,95.8,69.1,0.002,2.04,101.6,99.6,3.82,2009.0,1305,Nevada
104.0,Virginia,ACC,10-18,5.6,99.7,94.1,71.0,-0.065,10.63,105.7,95.0,1.64,2009.0,1438,Virginia
105.0,ETSU,ASun,23-11,5.5,102.6,97.1,72.9,-0.047,-5.04,96.9,101.9,-2.42,2009.0,1190,ETSU
113.0,Iowa St,B12,15-17,4.42,98.9,94.4,66.5,-0.017,6.26,103.6,97.3,-4.69,2009.0,1235,Iowa St
124.0,Kent,MAC,19-15,3.41,99.2,95.8,68.8,-0.031,-0.95,97.7,98.6,0.75,2009.0,1245,Kent
125.0,New Mexico St,WAC,17-15,3.31,106.0,102.7,71.7,-0.021,1.04,100.4,99.4,0.83,2009.0,1308,New Mexico St
127.0,Arkansas,SEC,14-16,3.15,101.7,98.6,71.6,-0.04,4.86,102.4,97.6,-4.66,2009.0,1116,Arkansas
134.0,Wichita St,MVC,17-17,2.34,98.9,96.6,65.3,-0.006,3.2,101.5,98.3,1.54,2009.0,1455,Wichita St
144.0,Mt St Mary's,NEC,19-14,1.52,97.9,96.4,66.9,-0.09,-6.7,96.7,103.4,0.52,2009.0,1291,Mt St Mary's
158.0,Oregon,P10,8-23,0.4,100.7,100.3,70.3,0.018,13.12,107.8,94.7,7.72,2009.0,1332,Oregon
164.0,MTSU,SB,18-14,-0.11,100.3,100.4,66.7,-0.044,-3.86,99.1,103.0,-3.06,2009.0,1292,MTSU
181.0,Troy,SB,19-13,-1.33,104.9,106.3,72.6,0.065,-4.11,98.4,102.5,-3.45,2009.0,1407,Troy
194.0,Iona,MAAC,12-19,-2.63,92.6,95.2,66.4,-0.067,-2.07,97.4,99.5,-1.84,2009.0,1233,Iona
204.0,SMU,CUSA,9-21,-3.44,98.2,101.6,66.3,-0.07,3.78,101.5,97.7,-1.14,2009.0,1374,SMU
213.0,S Dakota St,Sum,13-20,-3.98,100.8,104.8,67.3,-0.043,-0.98,100.4,101.3,-0.23,2009.0,1355,S Dakota St
220.0,UC Davis,BW,13-19,-4.77,101.8,106.6,71.4,-0.056,-3.55,98.2,101.7,-5.7,2009.0,1413,UC Davis
255.0,Jacksonville St,OVC,11-17,-7.63,96.8,104.4,67.7,-0.033,-3.76,99.6,103.4,-0.91,2009.0,1240,Jacksonville St
264.0,Princeton,Ivy,13-14,-8.51,92.3,100.8,60.6,-0.034,-9.1,93.6,102.7,-9.0,2009.0,1343,Princeton
278.0,Winthrop,BSth,11-19,-10.4,88.4,98.8,64.9,0.033,-3.83,99.0,102.8,4.72,2009.0,1457,Winthrop
282.0,New Orleans,SB,11-19,-11.08,88.4,99.5,67.8,0.067,-4.7,98.0,102.7,-5.39,2009.0,1309,New Orleans
293.0,Bucknell,Pat,7-23,-12.74,89.6,102.4,70.4,-0.029,-4.07,95.9,100.0,0.14,2009.0,1137,Bucknell
297.0,FL Gulf Coast,ASun,11-20,-12.93,88.5,101.4,71.9,0.026,-3.96,97.7,101.7,1.54,2009.0,1195,FL Gulf Coast
305.0,UNC Wilmington,CAA,7-25,-14.27,96.4,110.6,72.9,0.029,0.46,99.9,99.4,-0.49,2009.0,1423,UNC Wilmington
321.0,TX Southern,SWAC,7-25,-18.23,90.3,108.5,69.3,-0.031,-7.88,95.0,102.9,7.2,2009.0,1411,TX Southern
343.0,NC Central,ind,4-27,-28.21,81.8,110.0,72.6,-0.015,-6.19,96.0,102.2,1.83,2009.0,1300,NC Central
,,,,,,,,,,,,,,1297,N Kentucky
,,,,,,,,,,,,,,1315,North Dakota
1.0,Duke,ACC,35-5,32.53,117.0,84.5,67.4,0.009,11.83,104.7,92.9,5.47,2010.0,1181,Duke
2.0,Kansas,B12,33-3,31.23,116.8,85.6,70.1,0.038,10.47,105.2,94.8,3.98,2010.0,1242,Kansas
4.0,Kentucky,SEC,35-3,25.93,110.9,85.0,71.5,0.06,8.23,103.7,95.5,2.1,2010.0,1246,Kentucky
5.0,Kansas St,B12,29-8,24.9,111.9,87.0,73.0,-0.007,12.33,106.3,94.0,4.73,2010.0,1243,Kansas St
6.0,West Virginia,BE,31-7,24.88,113.1,88.2,66.1,0.058,12.55,106.5,94.0,6.54,2010.0,1452,West Virginia
8.0,Baylor,B12,28-8,24.36,115.2,90.8,68.0,-0.02,10.63,105.0,94.4,-0.72,2010.0,1124,Baylor
9.0,Wisconsin,B10,24-9,23.11,111.7,88.6,61.8,-0.011,9.53,104.8,95.3,4.19,2010.0,1458,Wisconsin
12.0,Butler,Horz,33-5,21.93,107.2,85.3,66.1,0.033,6.09,102.9,96.8,10.61,2010.0,1139,Butler
13.0,Maryland,ACC,24-9,21.78,113.7,91.9,72.1,-0.022,9.61,103.7,94.1,-1.69,2010.0,1268,Maryland
15.0,Purdue,B10,29-6,21.51,105.3,83.8,69.4,0.07,9.47,104.7,95.2,1.43,2010.0,1345,Purdue
17.0,Villanova,BE,25-8,20.67,112.8,92.2,74.2,0.025,10.31,105.4,95.1,1.04,2010.0,1437,Villanova
18.0,Xavier,A10,26-9,20.49,111.4,90.9,71.6,0.01,8.31,103.0,94.7,8.36,2010.0,1462,Xavier
20.0,Michigan St,B10,28-9,19.69,108.7,89.0,68.2,0.028,9.39,104.3,94.9,1.47,2010.0,1277,Michigan St
24.0,Marquette,BE,22-12,19.27,111.4,92.1,65.5,-0.064,9.46,104.7,95.3,-2.17,2010.0,1266,Marquette
26.0,Dayton,A10,25-12,18.56,104.5,85.9,69.0,-0.097,7.05,102.7,95.6,5.31,2010.0,1173,Dayton
29.0,St Mary's CA,WCC,28-6,18.2,112.9,94.7,68.5,0.038,3.14,102.3,99.1,2.54,2010.0,1388,St Mary's CA
33.0,Florida St,ACC,22-10,17.65,101.0,83.3,68.5,0.009,9.56,104.2,94.6,-0.5,2010.0,1199,Florida St
34.0,Minnesota,B10,21-14,17.62,108.0,90.4,68.3,-0.056,9.01,104.5,95.5,0.26,2010.0,1278,Minnesota
35.0,Notre Dame,BE,23-12,17.3,115.0,97.7,65.2,-0.067,7.85,103.9,96.0,-3.62,2010.0,1323,Notre Dame
36.0,Vanderbilt,SEC,24-9,17.2,109.6,92.4,71.9,0.019,9.12,104.2,95.1,4.45,2010.0,1435,Vanderbilt
38.0,Louisville,BE,20-13,16.54,111.2,94.7,69.3,-0.038,10.02,105.0,95.0,2.61,2010.0,1257,Louisville
39.0,Oklahoma St,B12,22-11,16.44,109.4,92.9,69.0,0.011,8.94,104.0,95.0,-1.73,2010.0,1329,Oklahoma St
44.0,Gonzaga,WCC,27-7,15.78,108.3,92.5,70.6,0.079,4.04,102.5,98.5,6.08,2010.0,1211,Gonzaga
47.0,Virginia Tech,ACC,25-9,15.47,104.6,89.1,70.6,0.034,6.49,102.9,96.4,-6.49,2010.0,1439,Virginia Tech
50.0,Florida,SEC,21-13,14.89,108.5,93.6,67.9,-0.061,8.33,103.4,95.1,0.4,2010.0,1196,Florida
55.0,Miami FL,ACC,20-13,14.56,108.4,93.8,68.5,-0.07,6.7,101.3,94.6,-9.14,2010.0,1274,Miami FL
56.0,VA Commonwealth,CAA,27-9,14.16,109.9,95.7,70.2,-0.016,1.71,99.5,97.8,1.52,2010.0,1433,VA Commonwealth
58.0,Wake Forest,ACC,20-11,13.9,104.0,90.1,71.5,0.068,10.87,104.2,93.4,0.56,2010.0,1448,Wake Forest
60.0,Rhode Island,A10,26-10,13.22,108.8,95.6,70.7,0.034,5.28,101.8,96.5,3.22,2010.0,1348,Rhode Island
61.0,North Carolina,ACC,20-17,13.15,104.0,90.9,73.5,-0.013,11.71,105.2,93.5,3.09,2010.0,1314,North Carolina
64.0,Wichita St,MVC,25-10,11.98,105.0,93.0,67.1,0.005,2.73,101.3,98.5,-4.6,2010.0,1455,Wichita St
66.0,Seton Hall,BE,19-13,11.82,108.7,96.8,73.0,-0.008,8.37,104.5,96.1,-5.94,2010.0,1371,Seton Hall
68.0,Cincinnati,BE,19-16,11.66,102.7,91.0,68.2,-0.013,10.32,105.2,94.9,1.71,2010.0,1153,Cincinnati
70.0,Michigan,B10,15-17,11.23,103.6,92.4,64.2,-0.079,9.82,104.6,94.7,4.83,2010.0,1276,Michigan
73.0,Iowa St,B12,15-17,10.84,103.4,92.6,70.6,-0.08,10.23,105.8,95.6,-0.64,2010.0,1235,Iowa St
76.0,Virginia,ACC,15-16,10.48,104.0,93.6,64.9,-0.067,9.15,103.4,94.2,-1.93,2010.0,1438,Virginia
77.0,USC,P10,16-14,10.38,93.2,82.8,65.2,-0.044,7.18,103.6,96.5,4.26,2010.0,1425,USC
80.0,Nevada,WAC,21-13,9.98,109.0,99.0,72.0,-0.03,4.3,103.5,99.2,5.82,2010.0,1305,Nevada
84.0,Northwestern,B10,20-14,9.5,108.5,99.0,65.9,0.002,6.16,101.8,95.7,-4.85,2010.0,1321,Northwestern
303.0,Northwestern,Slnd,10-19,-13.69,93.6,107.3,76.7,-0.007,-6.35,96.2,102.6,-4.82,2010.0,1321,Northwestern
85.0,South Carolina,SEC,15-16,8.84,102.3,93.5,72.0,-0.036,9.33,104.3,95.0,3.62,2010.0,1376,South Carolina
86.0,Kent,MAC,24-10,8.7,103.2,94.5,69.3,0.071,2.16,100.1,97.9,3.95,2010.0,1245,Kent
88.0,Arizona,P10,16-15,8.57,104.5,96.0,70.4,0.026,8.73,104.0,95.3,8.82,2010.0,1112,Arizona
91.0,Providence,BE,12-19,8.46,111.8,103.4,76.2,-0.111,9.6,104.9,95.3,-0.02,2010.0,1344,Providence
111.0,Iona,MAAC,21-10,5.99,96.7,90.7,68.0,0.042,-0.46,98.4,98.9,0.92,2010.0,1233,Iona
113.0,New Mexico St,WAC,22-12,5.92,108.6,102.6,72.7,0.123,3.27,102.1,98.8,0.73,2010.0,1308,New Mexico St
115.0,Creighton,MVC,18-16,5.49,103.9,98.4,68.4,-0.014,3.59,101.6,98.0,0.39,2010.0,1166,Creighton
118.0,UCLA,P10,14-18,5.24,102.6,97.4,67.3,-0.016,8.11,103.7,95.6,4.58,2010.0,1417,UCLA
119.0,Arkansas,SEC,14-18,5.19,102.2,97.0,72.5,-0.074,7.2,103.2,96.0,1.48,2010.0,1116,Arkansas
120.0,Princeton,Ivy,22-9,5.17,94.6,89.5,61.8,0.008,-5.96,95.7,101.7,-5.76,2010.0,1343,Princeton
129.0,Oregon,P10,16-16,3.82,102.3,98.5,68.4,0.008,6.24,102.5,96.3,-1.08,2010.0,1332,Oregon
136.0,Vermont,AE,25-10,2.97,100.0,97.0,69.5,0.067,-7.09,94.9,102.0,-5.46,2010.0,1436,Vermont
147.0,SMU,CUSA,14-17,2.44,102.8,100.3,64.0,-0.107,2.29,100.0,97.7,-2.7,2010.0,1374,SMU
149.0,ETSU,ASun,20-15,2.37,96.7,94.3,70.5,-0.002,-2.04,98.3,100.4,6.73,2010.0,1190,ETSU
164.0,MTSU,SB,19-14,0.71,97.8,97.1,67.7,-0.044,-4.83,97.2,102.0,-2.27,2010.0,1292,MTSU
177.0,Troy,SB,20-13,-0.59,101.3,101.9,69.4,0.082,-2.28,99.3,101.5,5.62,2010.0,1407,Troy
181.0,Mt St Mary's,NEC,16-15,-0.82,92.7,93.6,69.5,-0.066,-7.43,94.9,102.3,4.61,2010.0,1291,Mt St Mary's
214.0,UNC Wilmington,CAA,9-22,-4.02,94.9,98.9,70.6,-0.059,2.35,100.9,98.5,3.63,2010.0,1423,UNC Wilmington
219.0,S Dakota St,Sum,14-16,-4.96,102.0,107.0,69.9,-0.049,-4.74,97.0,101.7,2.77,2010.0,1355,S Dakota St
225.0,Winthrop,BSth,19-14,-5.61,87.4,93.0,66.9,0.05,-8.02,94.9,102.9,3.26,2010.0,1457,Winthrop
226.0,UC Davis,BW,14-18,-5.74,97.3,103.0,69.8,-0.004,-3.47,96.6,100.1,-3.87,2010.0,1413,UC Davis
244.0,Bucknell,Pat,14-17,-7.73,94.3,102.1,66.8,-0.02,-8.31,95.7,104.0,-6.62,2010.0,1137,Bucknell
263.0,Jacksonville St,OVC,11-19,-10.11,94.3,104.4,69.3,-0.06,-4.97,97.4,102.4,-4.66,2010.0,1240,Jacksonville St
267.0,TX Southern,SWAC,17-16,-10.23,89.8,100.1,69.8,-0.007,-11.87,90.7,102.5,4.77,2010.0,1411,TX Southern
301.0,FL Gulf Coast,ASun,8-21,-13.53,90.8,104.3,70.0,0.009,-5.49,95.8,101.2,-6.51,2010.0,1195,FL Gulf Coast
315.0,New Orleans,SB,8-22,-16.27,85.6,101.9,66.7,0.001,-5.09,96.7,101.8,-5.62,2010.0,1309,New Orleans
339.0,NC Central,ind,7-22,-21.98,82.4,104.3,69.3,-0.016,-5.68,95.8,101.5,-3.65,2010.0,1300,NC Central
343.0,North Dakota,GWC,8-23,-24.28,89.7,114.0,67.5,-0.005,-10.86,92.3,103.2,-1.86,2010.0,1315,North Dakota
,,,,,,,,,,,,,,1297,N Kentucky
2.0,Kansas,B12,35-3,27.94,115.5,87.6,70.9,0.061,8.61,105.2,96.6,2.51,2011.0,1242,Kansas
3.0,Duke,ACC,32-5,27.79,115.5,87.8,71.7,0.018,9.52,104.4,94.9,5.79,2011.0,1181,Duke
6.0,Wisconsin,B10,25-9,25.31,118.2,92.9,59.3,-0.003,11.29,106.7,95.4,-0.07,2011.0,1458,Wisconsin
7.0,Kentucky,SEC,29-9,25.26,113.9,88.6,67.8,-0.043,9.96,104.9,94.9,6.59,2011.0,1246,Kentucky
9.0,Purdue,B10,26-8,24.2,111.5,87.3,68.5,0.008,10.63,105.6,94.9,2.88,2011.0,1345,Purdue
12.0,Notre Dame,BE,27-7,22.69,116.4,93.7,66.0,0.074,10.99,105.4,94.4,0.38,2011.0,1323,Notre Dame
14.0,Louisville,BE,25-10,21.87,108.1,86.2,69.2,-0.037,10.05,105.5,95.4,-0.6,2011.0,1257,Louisville
15.0,North Carolina,ACC,29-8,21.68,107.6,86.0,74.0,0.064,11.66,106.7,95.1,7.52,2011.0,1314,North Carolina
17.0,Florida,SEC,29-8,20.13,111.2,91.1,65.7,0.037,8.53,103.8,95.2,3.95,2011.0,1196,Florida
19.0,West Virginia,BE,21-12,19.65,110.3,90.7,65.9,-0.018,12.92,107.7,94.7,8.51,2011.0,1452,West Virginia
20.0,Arizona,P10,30-8,19.24,113.4,94.1,68.5,0.065,8.08,104.5,96.4,2.27,2011.0,1112,Arizona
21.0,Cincinnati,BE,26-9,19.02,106.9,87.9,65.2,0.041,7.3,103.9,96.6,-5.93,2011.0,1153,Cincinnati
26.0,Marquette,BE,22-15,17.7,111.5,93.8,69.2,-0.057,11.29,106.1,94.8,-2.53,2011.0,1266,Marquette
27.0,Wichita St,MVC,29-8,17.55,109.6,92.1,67.3,-0.041,1.83,100.1,98.3,-1.32,2011.0,1455,Wichita St
29.0,Villanova,BE,21-12,17.34,109.9,92.6,68.3,-0.04,9.78,105.1,95.4,1.19,2011.0,1437,Villanova
30.0,Michigan,B10,21-14,17.32,108.6,91.3,64.2,-0.014,12.7,107.5,94.8,2.97,2011.0,1276,Michigan
32.0,Kansas St,B12,23-11,17.06,106.3,89.2,69.7,0.011,9.88,105.5,95.7,3.34,2011.0,1243,Kansas St
33.0,Vanderbilt,SEC,23-11,16.91,112.5,95.5,68.9,-0.05,7.58,103.4,95.8,5.12,2011.0,1435,Vanderbilt
35.0,Florida St,ACC,23-11,16.35,100.2,83.9,69.9,-0.016,6.87,103.6,96.7,-1.82,2011.0,1199,Florida St
36.0,Gonzaga,WCC,25-10,16.1,107.7,91.6,69.4,-0.007,4.49,103.4,98.9,6.26,2011.0,1211,Gonzaga
37.0,Butler,Horz,28-10,16.02,108.4,92.3,66.4,0.034,5.38,102.7,97.3,6.97,2011.0,1139,Butler
39.0,Xavier,A10,24-8,15.67,108.9,93.3,66.9,0.037,4.79,102.1,97.3,7.05,2011.0,1462,Xavier
40.0,Virginia Tech,ACC,22-12,15.57,105.4,89.9,67.0,-0.029,6.85,103.3,96.4,0.87,2011.0,1439,Virginia Tech
42.0,St Mary's CA,WCC,25-9,15.21,113.2,98.0,67.9,-0.025,2.28,101.7,99.4,2.8,2011.0,1388,St Mary's CA
44.0,Maryland,ACC,19-14,14.92,105.7,90.7,72.4,-0.091,6.64,104.3,97.6,-1.06,2011.0,1268,Maryland
45.0,Michigan St,B10,19-15,14.77,105.1,90.3,68.1,0.009,13.96,107.6,93.6,8.73,2011.0,1277,Michigan St
50.0,Northwestern,B10,20-14,13.76,111.6,97.8,66.0,0.008,9.17,105.2,96.1,-5.59,2011.0,1321,Northwestern
262.0,Northwestern,Slnd,18-14,-8.78,97.2,106.0,74.4,0.1,-8.14,95.0,103.2,-6.74,2011.0,1321,Northwestern
52.0,UCLA,P10,23-11,13.32,104.7,91.3,68.6,0.033,8.18,104.5,96.3,4.61,2011.0,1417,UCLA
53.0,VA Commonwealth,CAA,28-12,13.26,108.7,95.4,67.7,0.021,4.77,102.5,97.7,2.25,2011.0,1433,VA Commonwealth
56.0,USC,P10,19-15,13.03,103.6,90.5,65.3,-0.05,7.98,104.7,96.7,4.16,2011.0,1425,USC
58.0,Minnesota,B10,17-14,12.88,106.4,93.5,67.4,-0.018,11.09,107.1,96.0,2.78,2011.0,1278,Minnesota
59.0,Seton Hall,BE,13-18,12.59,100.5,87.9,70.3,-0.117,11.27,105.7,94.5,4.57,2011.0,1371,Seton Hall
61.0,Miami FL,ACC,21-15,12.3,108.8,96.5,67.3,-0.05,6.9,103.1,96.2,-0.67,2011.0,1274,Miami FL
66.0,Iona,MAAC,25-12,11.34,109.8,98.4,71.3,-0.086,-1.79,97.8,99.6,0.15,2011.0,1233,Iona
73.0,Oklahoma St,B12,20-14,10.05,102.8,92.8,67.4,0.041,7.51,103.8,96.3,-0.59,2011.0,1329,Oklahoma St
79.0,Princeton,Ivy,25-7,8.94,103.6,94.6,65.2,0.091,-1.52,100.2,101.7,-1.23,2011.0,1343,Princeton
80.0,Baylor,B12,18-13,8.87,103.6,94.7,67.6,-0.045,5.15,101.8,96.7,-4.26,2011.0,1124,Baylor
81.0,Iowa St,B12,16-16,8.58,104.8,96.2,71.4,-0.095,5.32,103.1,97.8,-5.92,2011.0,1235,Iowa St
86.0,Providence,BE,15-17,7.07,106.5,99.5,73.8,-0.045,7.69,103.8,96.1,-3.91,2011.0,1344,Providence
92.0,Oregon,P10,21-18,6.74,102.5,95.8,69.2,0.019,7.14,104.0,96.9,0.27,2011.0,1332,Oregon
95.0,Bucknell,Pat,25-9,6.47,101.6,95.2,67.7,0.067,-3.58,99.1,102.6,-0.11,2011.0,1137,Bucknell
97.0,Dayton,A10,22-14,6.41,100.6,94.2,68.3,0.062,4.25,101.1,96.9,3.04,2011.0,1173,Dayton
98.0,Creighton,MVC,23-16,6.35,106.2,99.9,66.0,-0.041,1.2,100.7,99.5,-2.25,2011.0,1166,Creighton
100.0,Kent,MAC,25-12,6.06,101.4,95.3,69.4,0.053,0.41,100.0,99.6,2.29,2011.0,1245,Kent
103.0,Virginia,ACC,16-15,5.83,100.3,94.5,62.5,0.02,6.91,103.0,96.1,-1.9,2011.0,1438,Virginia
110.0,S Dakota St,Sum,19-12,5.16,111.3,106.2,70.6,-0.084,-3.86,99.3,103.1,-3.54,2011.0,1355,S Dakota St
112.0,ETSU,ASun,24-12,5.11,100.8,95.7,67.0,0.03,-2.13,99.3,101.4,4.64,2011.0,1190,ETSU
113.0,Arkansas,SEC,18-13,5.09,101.8,96.8,69.3,0.003,1.79,99.3,97.5,-5.64,2011.0,1116,Arkansas
119.0,Rhode Island,A10,20-14,3.98,99.5,95.6,68.6,0.05,1.95,101.2,99.2,1.27,2011.0,1348,Rhode Island
128.0,Vermont,AE,23-9,3.26,98.3,95.0,67.3,0.063,-5.86,96.0,101.9,-0.05,2011.0,1436,Vermont
130.0,South Carolina,SEC,14-16,3.13,97.1,94.0,69.7,0.01,6.45,103.6,97.2,-2.02,2011.0,1376,South Carolina
143.0,New Mexico St,WAC,16-17,2.22,101.9,99.7,69.3,-0.025,3.04,101.0,97.9,5.07,2011.0,1308,New Mexico St
160.0,Nevada,WAC,13-19,0.43,100.0,99.5,70.0,-0.05,1.57,101.1,99.6,1.63,2011.0,1305,Nevada
163.0,SMU,CUSA,20-15,0.33,99.9,99.5,62.4,-0.018,-1.03,99.4,100.5,-9.41,2011.0,1374,SMU
190.0,MTSU,SB,16-16,-2.14,94.3,96.5,69.0,-0.071,-5.98,97.3,103.3,-2.1,2011.0,1292,MTSU
203.0,UNC Wilmington,CAA,13-18,-3.72,98.8,102.5,64.1,0.002,-0.69,100.3,101.0,-4.28,2011.0,1423,UNC Wilmington
221.0,Winthrop,BSth,13-17,-4.73,92.5,97.2,68.6,-0.04,-3.51,98.1,101.6,4.32,2011.0,1457,Winthrop
246.0,UC Davis,BW,10-20,-6.97,99.3,106.3,69.4,-0.095,-2.09,98.9,101.0,-1.17,2011.0,1413,UC Davis
248.0,Mt St Mary's,NEC,11-21,-7.5,91.1,98.6,66.9,-0.02,-3.1,97.6,100.7,0.11,2011.0,1291,Mt St Mary's
259.0,Wake Forest,ACC,8-24,-8.44,96.8,105.2,71.6,0.009,6.36,102.9,96.5,-2.45,2011.0,1448,Wake Forest
275.0,Troy,SB,8-21,-10.03,94.4,104.4,72.8,-0.037,-3.09,98.6,101.7,3.31,2011.0,1407,Troy
276.0,TX Southern,SWAC,19-13,-10.17,89.4,99.6,68.5,0.136,-11.19,92.0,103.2,4.08,2011.0,1411,TX Southern
285.0,FL Gulf Coast,ASun,10-20,-10.92,90.7,101.7,70.4,-0.001,-3.91,97.9,101.8,-2.66,2011.0,1195,FL Gulf Coast
292.0,Jacksonville St,OVC,5-25,-11.92,91.7,103.6,64.6,-0.078,-5.73,97.0,102.7,-6.05,2011.0,1240,Jacksonville St
299.0,North Dakota,GWC,19-15,-12.56,89.0,101.6,69.4,0.094,-10.79,95.0,105.8,-2.84,2011.0,1315,North Dakota
313.0,NC Central,ind,15-15,-14.71,92.0,106.7,68.7,0.088,-10.18,94.3,104.5,-10.21,2011.0,1300,NC Central
,,,,,,,,,,,,,,1297,N Kentucky
,,,,,,,,,,,,,,1309,New Orleans
1.0,Kentucky,SEC,38-2,32.55,119.6,87.1,67.2,0.033,8.7,105.4,96.7,2.81,2012.0,1246,Kentucky
3.0,Michigan St,B10,29-8,27.81,112.1,84.2,65.8,-0.027,11.15,107.3,96.1,2.48,2012.0,1277,Michigan St
4.0,Kansas,B12,32-7,26.87,111.4,84.6,68.2,0.028,11.51,107.1,95.6,7.72,2012.0,1242,Kansas
6.0,North Carolina,ACC,32-6,25.44,113.4,88.0,72.6,0.017,8.37,105.9,97.5,4.6,2012.0,1314,North Carolina
8.0,Wisconsin,B10,26-10,24.03,111.1,87.1,59.7,-0.017,9.76,106.3,96.6,-0.03,2012.0,1458,Wisconsin
10.0,Florida,SEC,26-11,22.47,117.8,95.3,65.8,-0.044,8.3,104.2,95.9,1.87,2012.0,1196,Florida
11.0,Wichita St,MVC,27-6,22.36,113.4,91.1,67.4,-0.016,4.58,103.7,99.1,5.39,2012.0,1455,Wichita St
13.0,Baylor,B12,30-8,21.25,113.4,92.1,67.6,0.058,10.02,106.6,96.5,0.0,2012.0,1124,Baylor
16.0,Vanderbilt,SEC,25-11,20.9,112.9,92.0,66.3,-0.048,9.48,106.5,97.0,6.03,2012.0,1435,Vanderbilt
17.0,Louisville,BE,30-10,20.66,103.6,83.0,67.9,0.031,11.18,107.4,96.2,4.42,2012.0,1257,Louisville
18.0,Marquette,BE,27-8,20.2,108.8,88.6,71.7,0.042,8.9,105.1,96.2,1.33,2012.0,1266,Marquette
19.0,Duke,ACC,27-7,19.67,114.9,95.2,68.5,0.058,9.37,106.1,96.7,10.13,2012.0,1181,Duke
21.0,Gonzaga,WCC,26-7,18.37,110.4,92.0,67.0,-0.019,3.29,103.7,100.4,4.39,2012.0,1211,Gonzaga
22.0,Michigan,B10,24-10,17.5,111.5,94.0,62.0,0.058,10.97,107.3,96.4,1.52,2012.0,1276,Michigan
23.0,Kansas St,B12,22-11,17.49,107.2,89.7,68.0,-0.024,8.81,105.7,96.9,-0.42,2012.0,1243,Kansas St
24.0,Florida St,ACC,25-10,17.11,104.8,87.7,68.1,0.035,8.67,105.7,97.0,4.37,2012.0,1199,Florida St
27.0,Iowa St,B12,23-11,16.64,111.1,94.5,67.8,-0.004,8.24,105.7,97.5,-0.83,2012.0,1235,Iowa St
28.0,Creighton,MVC,29-6,16.47,116.6,100.1,67.7,0.079,3.93,103.2,99.2,0.59,2012.0,1166,Creighton
30.0,Purdue,B10,22-13,16.25,113.4,97.1,65.9,-0.003,9.6,107.0,97.4,0.46,2012.0,1345,Purdue
31.0,Cincinnati,BE,26-11,15.99,106.9,90.9,64.7,0.024,7.56,104.2,96.6,-5.49,2012.0,1153,Cincinnati
33.0,Virginia,ACC,22-10,15.86,102.4,86.5,61.5,-0.025,4.67,103.5,98.9,-3.71,2012.0,1438,Virginia
34.0,St Mary's CA,WCC,27-6,15.46,111.7,96.2,65.0,0.037,0.78,102.6,101.8,-0.07,2012.0,1388,St Mary's CA
43.0,Notre Dame,BE,22-12,14.19,108.1,93.9,62.0,0.032,7.74,105.0,97.2,-0.71,2012.0,1323,Notre Dame
45.0,West Virginia,BE,19-14,13.49,108.7,95.2,65.5,-0.019,9.21,106.0,96.8,4.75,2012.0,1452,West Virginia
46.0,VA Commonwealth,CAA,29-7,13.48,104.3,90.8,66.4,0.025,0.89,100.3,99.4,2.24,2012.0,1433,VA Commonwealth
48.0,Miami FL,ACC,20-13,13.12,108.3,95.2,66.0,-0.037,6.32,103.9,97.6,2.85,2012.0,1274,Miami FL
49.0,MTSU,SB,27-7,12.88,105.8,92.9,67.5,-0.003,-0.19,101.3,101.5,3.65,2012.0,1292,MTSU
51.0,Arizona,P12,23-12,12.74,104.8,92.1,66.2,-0.05,4.67,103.9,99.2,3.51,2012.0,1112,Arizona
52.0,Minnesota,B10,23-15,12.73,105.8,93.1,65.3,0.016,8.97,106.4,97.4,-0.57,2012.0,1278,Minnesota
53.0,Xavier,A10,23-13,12.63,106.0,93.4,68.0,0.03,7.92,105.9,98.0,6.4,2012.0,1462,Xavier
54.0,Iona,MAAC,25-8,12.24,112.7,100.5,71.9,-0.01,-1.63,100.5,102.1,3.65,2012.0,1233,Iona
55.0,Seton Hall,BE,21-13,12.2,104.0,91.8,66.8,0.001,6.81,104.8,98.0,-0.72,2012.0,1371,Seton Hall
59.0,UCLA,P12,19-14,11.83,106.1,94.2,66.2,-0.073,5.1,102.9,97.8,2.96,2012.0,1417,UCLA
60.0,Oregon,P12,24-10,11.79,111.5,99.7,68.8,0.04,4.87,102.8,98.0,0.57,2012.0,1332,Oregon
61.0,S Dakota St,Sum,27-8,11.67,110.9,99.2,66.5,0.031,-2.1,101.3,103.4,0.49,2012.0,1355,S Dakota St
65.0,New Mexico St,WAC,26-10,11.22,106.6,95.4,70.8,-0.041,-0.52,101.8,102.3,0.03,2012.0,1308,New Mexico St
69.0,Dayton,A10,20-13,10.76,110.4,99.7,66.0,-0.015,5.33,103.4,98.1,2.97,2012.0,1173,Dayton
72.0,Northwestern,B10,19-14,10.5,112.0,101.5,64.2,0.048,9.18,106.0,96.8,0.64,2012.0,1321,Northwestern
227.0,Northwestern,Slnd,16-16,-5.38,94.6,100.0,71.0,0.006,-4.56,98.4,103.0,0.57,2012.0,1321,Northwestern
83.0,Virginia Tech,ACC,16-17,8.63,104.0,95.4,63.7,-0.094,6.76,104.0,97.3,2.93,2012.0,1439,Virginia Tech
85.0,Villanova,BE,13-19,8.49,106.4,97.9,68.7,-0.097,9.3,105.5,96.2,3.36,2012.0,1437,Villanova
89.0,Bucknell,Pat,25-10,8.14,104.8,96.6,64.8,0.009,-3.1,99.7,102.8,1.09,2012.0,1137,Bucknell
97.0,Oklahoma St,B12,15-18,7.58,104.3,96.7,66.9,-0.017,10.4,106.3,95.9,4.75,2012.0,1329,Oklahoma St
100.0,Princeton,Ivy,20-12,7.27,104.9,97.6,64.2,-0.017,-0.42,100.4,100.8,1.09,2012.0,1343,Princeton
106.0,Nevada,WAC,28-7,6.49,103.2,96.7,66.4,0.128,-1.46,101.1,102.5,-3.82,2012.0,1305,Nevada
116.0,Butler,Horz,22-15,5.31,97.0,91.7,65.8,0.021,1.82,101.5,99.7,7.03,2012.0,1139,Butler
117.0,Kent,MAC,21-12,5.26,102.8,97.5,68.6,0.005,-0.05,100.4,100.5,-2.33,2012.0,1245,Kent
118.0,Vermont,AE,24-12,5.18,102.4,97.3,63.9,-0.022,-5.87,97.1,103.0,-1.35,2012.0,1436,Vermont
126.0,Arkansas,SEC,18-14,4.08,103.7,99.6,71.0,0.029,4.08,102.2,98.1,-2.88,2012.0,1116,Arkansas
127.0,Providence,BE,15-17,4.08,107.2,103.1,66.7,-0.012,5.57,103.0,97.4,-8.4,2012.0,1344,Providence
133.0,Maryland,ACC,17-15,3.37,104.0,100.6,67.7,0.091,6.46,104.2,97.8,0.53,2012.0,1268,Maryland
146.0,ETSU,ASun,17-14,2.22,99.1,96.9,66.3,-0.016,-1.59,101.8,103.4,-2.41,2012.0,1190,ETSU
164.0,South Carolina,SEC,10-21,0.64,100.7,100.0,63.3,-0.071,7.24,104.5,97.2,-1.73,2012.0,1376,South Carolina
177.0,FL Gulf Coast,ASun,15-17,-0.92,102.4,103.4,68.6,-0.029,-1.35,101.2,102.5,-4.02,2012.0,1195,FL Gulf Coast
200.0,SMU,CUSA,13-19,-2.92,95.3,98.2,61.1,-0.031,1.21,101.8,100.6,-2.37,2012.0,1374,SMU
203.0,Jacksonville St,OVC,15-18,-3.19,95.8,99.0,65.0,-0.083,-5.22,98.9,104.1,-2.55,2012.0,1240,Jacksonville St
211.0,Wake Forest,ACC,13-18,-3.87,99.4,103.3,67.5,0.057,3.74,102.8,99.0,-1.71,2012.0,1448,Wake Forest
213.0,NC Central,MEAC,17-15,-4.03,95.1,99.1,67.4,-0.062,-8.33,96.2,104.5,2.54,2012.0,1300,NC Central
220.0,USC,P12,6-26,-4.7,88.3,93.0,61.8,-0.1,6.8,104.5,97.7,4.06,2012.0,1425,USC
225.0,Rhode Island,A10,7-24,-5.11,99.9,105.0,68.6,-0.048,3.73,102.8,99.0,0.32,2012.0,1348,Rhode Island
238.0,UNC Wilmington,CAA,10-21,-6.34,97.7,104.0,67.6,0.008,0.63,101.4,100.7,0.62,2012.0,1423,UNC Wilmington
259.0,North Dakota,GWC,17-15,-8.42,93.1,101.5,68.0,0.025,-8.48,96.6,105.1,-1.97,2012.0,1315,North Dakota
261.0,Winthrop,BSth,12-20,-8.7,92.0,100.6,63.7,-0.022,-4.38,100.3,104.7,3.41,2012.0,1457,Winthrop
267.0,TX Southern,SWAC,15-18,-8.98,89.9,98.9,67.1,-0.013,-10.73,93.7,104.4,7.42,2012.0,1411,TX Southern
268.0,Troy,SB,10-18,-9.09,102.4,111.5,68.5,0.018,-1.18,99.9,101.0,0.39,2012.0,1407,Troy
294.0,Mt St Mary's,NEC,8-21,-12.22,90.7,102.9,64.6,-0.052,-4.96,98.2,103.2,-0.72,2012.0,1291,Mt St Mary's
328.0,UC Davis,BW,5-26,-18.75,91.8,110.6,66.8,-0.039,-3.36,100.0,103.4,-4.88,2012.0,1413,UC Davis
,,,,,,,,,,,,,,1297,N Kentucky
,,,,,,,,,,,,,,1309,New Orleans
1.0,Louisville,BE,35-5,32.9,116.0,83.1,66.8,-0.016,10.43,106.1,95.7,4.3,2013.0,1257,Louisville
2.0,Florida,SEC,29-8,31.18,115.5,84.3,63.4,-0.089,7.39,104.5,97.2,5.64,2013.0,1196,Florida
4.0,Michigan,B10,31-8,27.8,120.2,92.4,65.1,-0.006,11.39,107.1,95.7,0.24,2013.0,1276,Michigan
5.0,Gonzaga,WCC,32-3,27.79,118.6,90.9,64.5,0.026,5.03,104.4,99.4,6.74,2013.0,1211,Gonzaga
6.0,Duke,ACC,30-6,26.95,117.3,90.4,68.2,0.033,10.85,107.6,96.7,9.73,2013.0,1181,Duke
8.0,Kansas,B12,31-6,25.17,110.9,85.7,67.7,0.01,8.71,106.4,97.7,6.76,2013.0,1242,Kansas
10.0,Michigan St,B10,27-9,24.14,110.8,86.7,64.5,0.001,12.79,107.9,95.1,2.64,2013.0,1277,Michigan St
12.0,Wisconsin,B10,23-12,22.51,106.4,83.9,61.9,-0.033,12.06,108.0,95.9,1.06,2013.0,1458,Wisconsin
13.0,Miami FL,ACC,29-7,22.36,111.9,89.5,63.8,0.029,8.57,106.5,97.9,5.49,2013.0,1274,Miami FL
14.0,Arizona,P12,27-8,21.86,113.5,91.7,66.7,-0.011,8.69,105.5,96.8,3.78,2013.0,1112,Arizona
15.0,Creighton,MVC,28-8,21.7,116.4,94.7,65.2,-0.009,6.34,104.5,98.1,3.88,2013.0,1166,Creighton
17.0,Wichita St,MVC,30-9,20.27,110.0,89.8,65.3,-0.002,7.26,105.8,98.6,2.66,2013.0,1455,Wichita St
18.0,VA Commonwealth,A10,27-9,20.23,112.2,91.9,67.8,0.002,6.08,105.0,98.9,2.08,2013.0,1433,VA Commonwealth
20.0,Minnesota,B10,21-13,19.82,112.9,93.1,63.6,-0.036,12.08,107.6,95.5,4.88,2013.0,1278,Minnesota
21.0,St Mary's CA,WCC,28-7,19.31,114.3,95.0,64.2,0.024,3.86,103.9,100.0,1.51,2013.0,1388,St Mary's CA
24.0,Oklahoma St,B12,24-9,18.66,107.2,88.5,67.4,-0.016,7.36,106.0,98.6,0.88,2013.0,1329,Oklahoma St
26.0,Marquette,BE,26-9,18.29,111.5,93.2,63.9,0.09,9.99,104.9,95.0,1.65,2013.0,1266,Marquette
27.0,Kansas St,B12,27-8,18.13,111.7,93.6,63.0,0.051,7.58,105.2,97.6,0.06,2013.0,1243,Kansas St
28.0,Baylor,B12,23-14,17.84,112.5,94.6,68.1,-0.09,8.24,105.4,97.2,4.14,2013.0,1124,Baylor
30.0,Iowa St,B12,23-12,17.58,115.7,98.1,69.8,-0.046,7.41,104.5,97.1,-0.49,2013.0,1235,Iowa St
32.0,North Carolina,ACC,25-11,17.13,110.4,93.3,70.9,0.038,8.95,105.5,96.6,1.14,2013.0,1314,North Carolina
35.0,Oregon,P12,28-9,16.75,104.9,88.1,68.9,0.053,6.75,104.2,97.4,-3.88,2013.0,1332,Oregon
36.0,Notre Dame,BE,25-10,16.62,112.7,96.1,62.2,0.046,8.19,104.6,96.4,-1.71,2013.0,1323,Notre Dame
40.0,Cincinnati,BE,22-12,15.6,104.1,88.5,63.9,-0.012,8.69,105.0,96.3,-1.82,2013.0,1153,Cincinnati
41.0,Virginia,ACC,23-12,15.46,105.6,90.2,61.2,-0.066,4.37,102.7,98.3,-4.21,2013.0,1438,Virginia
42.0,Butler,A10,27-9,15.38,108.7,93.4,65.0,0.088,7.74,105.6,97.8,4.93,2013.0,1139,Butler
44.0,MTSU,SB,28-6,14.72,105.3,90.6,65.1,0.052,-2.26,99.4,101.7,4.9,2013.0,1292,MTSU
46.0,UCLA,P12,25-10,14.49,109.2,94.7,69.4,0.068,9.24,105.2,96.0,4.15,2013.0,1417,UCLA
52.0,Maryland,ACC,25-13,13.6,105.3,91.7,67.5,-0.032,5.3,104.6,99.3,-6.83,2013.0,1268,Maryland
53.0,Villanova,BE,20-14,13.57,104.4,90.8,67.5,0.011,9.56,105.3,95.7,1.49,2013.0,1437,Villanova
55.0,Kentucky,SEC,21-12,13.22,109.5,96.3,66.2,-0.005,5.67,103.8,98.2,2.6,2013.0,1246,Kentucky
58.0,Bucknell,Pat,28-6,12.71,105.4,92.7,63.3,-0.014,-1.87,101.0,102.8,1.19,2013.0,1137,Bucknell
67.0,Dayton,A10,17-14,11.31,110.7,99.4,66.1,-0.1,4.99,103.1,98.1,1.91,2013.0,1173,Dayton
69.0,Providence,BE,19-15,10.75,106.0,95.3,66.1,-0.026,6.87,103.9,97.0,-3.22,2013.0,1344,Providence
74.0,Purdue,B10,16-18,10.26,105.1,94.8,66.4,-0.059,9.25,105.6,96.4,-0.39,2013.0,1345,Purdue
78.0,Xavier,A10,17-14,9.51,104.1,94.6,63.3,-0.055,6.03,104.5,98.5,4.36,2013.0,1462,Xavier
80.0,Arkansas,SEC,19-13,9.28,104.8,95.5,70.3,0.004,5.44,103.0,97.6,-0.58,2013.0,1116,Arkansas
87.0,Princeton,Ivy,17-11,7.89,106.9,99.0,60.9,-0.071,-1.7,100.2,101.9,2.35,2013.0,1343,Princeton
88.0,New Mexico St,WAC,24-11,7.72,102.9,95.2,65.1,0.04,0.44,101.4,101.0,4.14,2013.0,1308,New Mexico St
89.0,Iona,MAAC,20-14,7.46,112.5,105.0,70.6,-0.07,0.54,100.8,100.3,2.94,2013.0,1233,Iona
96.0,S Dakota St,Sum,25-10,6.81,110.1,103.3,63.9,0.03,-3.83,100.4,104.2,1.61,2013.0,1355,S Dakota St
97.0,Vanderbilt,SEC,16-17,6.77,100.7,94.0,61.6,-0.026,6.06,104.2,98.1,2.5,2013.0,1435,Vanderbilt
104.0,USC,P12,14-18,6.32,101.4,95.0,67.2,-0.015,9.71,105.9,96.1,6.76,2013.0,1425,USC
105.0,FL Gulf Coast,ASun,26-11,6.25,103.1,96.8,69.2,0.039,-3.13,99.8,102.9,4.36,2013.0,1195,FL Gulf Coast
117.0,Seton Hall,BE,15-18,4.96,102.4,97.4,65.0,-0.026,6.83,103.9,97.1,-4.53,2013.0,1371,Seton Hall
120.0,Florida St,ACC,18-16,4.46,105.3,100.8,65.9,0.085,8.05,104.9,96.8,1.6,2013.0,1199,Florida St
121.0,Kent,MAC,21-14,4.43,106.0,101.5,66.5,-0.019,-0.57,100.3,100.9,-0.08,2013.0,1245,Kent
123.0,West Virginia,B12,13-19,4.19,103.1,98.9,65.0,-0.042,7.2,106.0,98.8,2.29,2013.0,1452,West Virginia
132.0,Northwestern,B10,13-19,3.2,102.5,99.3,61.8,-0.023,10.36,106.4,96.1,-0.91,2013.0,1321,Northwestern
138.0,Northwestern,Slnd,23-9,2.87,104.9,102.0,72.7,0.075,-4.61,97.8,102.4,4.64,2013.0,1321,Northwestern
134.0,Vermont,AE,21-12,3.14,101.2,98.0,62.4,-0.005,-4.55,98.5,103.0,-2.41,2013.0,1436,Vermont
137.0,Wake Forest,ACC,13-18,2.89,99.6,96.7,69.2,-0.007,6.61,105.5,98.9,-0.79,2013.0,1448,Wake Forest
158.0,TX Southern,SWAC,17-14,0.61,103.5,102.9,64.6,-0.061,-8.39,95.6,103.9,6.94,2013.0,1411,TX Southern
164.0,NC Central,MEAC,22-9,0.31,97.4,97.1,64.2,0.026,-8.12,94.8,102.9,0.01,2013.0,1300,NC Central
169.0,Virginia Tech,ACC,13-19,-0.1,105.2,105.3,67.6,0.031,7.23,104.9,97.7,-1.92,2013.0,1439,Virginia Tech
172.0,Nevada,MWC,12-19,-0.31,103.1,103.4,66.9,0.038,7.08,105.1,98.0,0.47,2013.0,1305,Nevada
185.0,SMU,CUSA,15-17,-1.25,98.9,100.1,63.9,-0.07,-2.52,99.6,102.1,-5.64,2013.0,1374,SMU
193.0,Rhode Island,A10,8-21,-2.23,98.6,100.8,63.3,-0.043,5.7,104.6,98.9,3.03,2013.0,1348,Rhode Island
204.0,Jacksonville St,OVC,17-11,-3.42,100.6,104.0,62.7,0.087,-4.79,98.8,103.6,-6.29,2013.0,1240,Jacksonville St
209.0,South Carolina,SEC,14-18,-3.63,99.8,103.5,66.5,0.028,1.28,100.3,99.0,-6.81,2013.0,1376,South Carolina
211.0,Mt St Mary's,NEC,18-14,-3.8,100.7,104.5,67.5,0.117,-5.0,99.9,104.9,0.23,2013.0,1291,Mt St Mary's
215.0,UC Davis,BW,14-17,-4.05,102.7,106.7,67.4,-0.009,-3.49,100.8,104.3,-4.26,2013.0,1413,UC Davis
244.0,N Kentucky,ASun,11-16,-7.26,95.5,102.8,60.1,-0.033,-6.78,97.9,104.7,-3.93,2013.0,1297,N Kentucky
251.0,North Dakota,BSky,16-17,-7.76,95.4,103.2,67.6,0.038,-6.6,99.1,105.7,-0.12,2013.0,1315,North Dakota
274.0,Troy,SB,12-21,-10.31,97.1,107.4,61.2,0.005,-5.14,97.7,102.8,-7.87,2013.0,1407,Troy
278.0,Winthrop,BSth,14-17,-10.63,93.5,104.1,61.6,0.037,-5.58,97.5,103.1,1.69,2013.0,1457,Winthrop
287.0,UNC Wilmington,CAA,10-20,-11.86,95.2,107.1,66.9,0.022,-3.01,100.0,103.0,-1.31,2013.0,1423,UNC Wilmington
319.0,ETSU,ASun,10-22,-15.68,93.1,108.8,65.3,0.063,-2.76,100.5,103.3,4.8,2013.0,1190,ETSU
345.0,New Orleans,ind,8-18,-25.19,85.8,111.0,71.1,0.042,-8.3,96.5,104.8,-8.3,2013.0,1309,New Orleans
1.0,Louisville,Amer,31-6,30.4,118.3,87.9,68.9,-0.044,5.24,107.1,101.9,-1.38,2014.0,1257,Louisville
2.0,Arizona,P12,33-5,30.12,115.9,85.8,64.4,0.014,10.38,110.0,99.6,5.62,2014.0,1112,Arizona
3.0,Florida,SEC,36-3,28.55,116.0,87.4,62.9,0.053,9.96,109.5,99.5,5.64,2014.0,1196,Florida
4.0,Virginia,ACC,30-7,26.45,114.1,87.7,61.2,0.013,9.38,109.4,100.0,4.12,2014.0,1438,Virginia
5.0,Wisconsin,B10,30-8,25.83,121.4,95.6,63.9,0.019,12.08,110.2,98.1,6.15,2014.0,1458,Wisconsin
6.0,Wichita St,MVC,35-1,25.36,117.1,91.8,64.9,-0.009,1.68,105.8,104.1,4.84,2014.0,1455,Wichita St
7.0,Kansas,B12,25-10,24.55,118.7,94.1,68.5,-0.05,13.04,112.2,99.2,11.58,2014.0,1242,Kansas
8.0,Duke,ACC,26-9,24.22,124.1,99.9,65.9,-0.035,10.01,109.5,99.4,6.25,2014.0,1181,Duke
9.0,Michigan St,B10,29-9,23.92,118.0,94.1,66.0,-0.003,11.19,110.1,99.0,3.26,2014.0,1277,Michigan St
11.0,Villanova,BE,29-5,23.63,115.7,92.1,67.8,0.075,8.03,110.0,101.9,4.52,2014.0,1437,Villanova
12.0,Michigan,B10,28-9,23.44,123.3,99.9,62.9,0.048,11.95,110.0,98.1,2.55,2014.0,1276,Michigan
13.0,Kentucky,SEC,29-11,22.57,117.8,95.3,65.7,-0.025,11.29,110.4,99.1,7.72,2014.0,1246,Kentucky
14.0,UCLA,P12,28-9,22.52,118.1,95.6,69.9,-0.019,8.54,109.2,100.6,0.46,2014.0,1417,UCLA
17.0,Creighton,BE,27-8,21.69,123.6,102.0,65.2,0.024,8.1,108.3,100.2,3.47,2014.0,1166,Creighton
20.0,Iowa St,B12,28-8,21.05,118.3,97.2,71.7,0.064,11.41,111.1,99.6,3.88,2014.0,1235,Iowa St
21.0,Oklahoma St,B12,21-13,20.93,115.4,94.4,69.0,-0.109,9.87,109.8,100.0,1.29,2014.0,1329,Oklahoma St
24.0,Gonzaga,WCC,29-7,20.14,113.4,93.3,67.0,0.016,5.59,108.8,103.2,4.3,2014.0,1211,Gonzaga
25.0,VA Commonwealth,A10,26-9,19.8,108.6,88.8,70.2,-0.058,6.2,107.4,101.2,3.31,2014.0,1433,VA Commonwealth
26.0,Baylor,B12,26-12,19.34,118.3,98.9,63.6,0.012,11.55,111.2,99.6,4.27,2014.0,1124,Baylor
27.0,Cincinnati,Amer,27-7,19.24,109.0,89.8,63.0,0.036,6.11,107.6,101.5,0.24,2014.0,1153,Cincinnati
28.0,Oregon,P12,24-10,19.0,118.3,99.3,69.7,-0.037,8.67,109.4,100.7,2.89,2014.0,1332,Oregon
29.0,North Carolina,ACC,24-10,18.44,112.1,93.6,70.9,0.001,9.88,110.6,100.7,4.45,2014.0,1314,North Carolina
31.0,SMU,Amer,27-10,17.67,110.8,93.1,66.0,-0.043,4.97,106.3,101.4,-3.17,2014.0,1374,SMU
38.0,Florida St,ACC,22-14,14.85,111.7,96.8,66.6,-0.005,9.92,109.3,99.4,2.83,2014.0,1199,Florida St
42.0,Dayton,A10,26-11,14.24,113.2,99.0,65.5,0.038,6.91,107.6,100.7,1.74,2014.0,1173,Dayton
43.0,Maryland,ACC,17-15,14.21,108.7,94.5,68.6,-0.074,9.72,109.2,99.4,4.86,2014.0,1268,Maryland
44.0,Arkansas,SEC,22-12,14.13,110.5,96.4,72.2,-0.033,6.35,107.8,101.4,-1.08,2014.0,1116,Arkansas
45.0,Kansas St,B12,20-13,14.06,107.2,93.1,65.5,0.002,9.71,110.8,101.1,-0.2,2014.0,1243,Kansas St
46.0,Minnesota,B10,25-13,13.91,113.2,99.3,64.8,0.044,9.98,109.4,99.4,0.79,2014.0,1278,Minnesota
47.0,Providence,BE,23-12,13.79,113.9,100.2,64.9,0.052,8.82,109.0,100.2,3.13,2014.0,1344,Providence
54.0,Xavier,BE,21-13,13.08,112.2,99.1,65.9,0.018,8.95,109.2,100.3,3.54,2014.0,1462,Xavier
58.0,West Virginia,B12,17-16,12.24,114.8,102.6,68.2,-0.065,9.37,110.2,100.8,-0.61,2014.0,1452,West Virginia
65.0,St Mary's CA,WCC,23-12,11.4,112.0,100.6,63.4,0.014,4.88,108.2,103.3,2.34,2014.0,1388,St Mary's CA
68.0,Marquette,BE,17-15,11.04,109.1,98.1,66.1,-0.051,8.08,108.7,100.6,0.22,2014.0,1266,Marquette
72.0,New Mexico St,WAC,26-10,10.57,112.3,101.7,66.9,-0.029,-3.78,102.5,106.3,1.98,2014.0,1308,New Mexico St
75.0,Vermont,AE,22-11,10.18,109.3,99.1,63.7,-0.064,-5.27,100.7,106.0,4.99,2014.0,1436,Vermont
76.0,Iona,MAAC,22-11,10.14,118.1,107.9,70.3,-0.024,0.33,104.8,104.4,6.33,2014.0,1233,Iona
77.0,Miami FL,ACC,17-16,9.86,108.6,98.7,58.7,-0.045,6.25,107.1,100.8,-1.95,2014.0,1274,Miami FL
89.0,MTSU,CUSA,24-9,8.23,104.7,96.5,64.7,0.047,-1.41,103.1,104.5,-0.85,2014.0,1292,MTSU
91.0,NC Central,MEAC,28-6,7.98,108.1,100.1,64.3,0.041,-10.8,97.5,108.3,-3.58,2014.0,1300,NC Central
93.0,Purdue,B10,15-17,7.88,107.9,100.0,68.3,-0.039,8.84,108.7,99.9,-2.56,2014.0,1345,Purdue
95.0,Seton Hall,BE,17-17,7.84,108.1,100.3,66.0,-0.06,5.85,108.5,102.6,-5.22,2014.0,1371,Seton Hall
96.0,Notre Dame,ACC,15-17,7.7,112.9,105.2,64.6,-0.063,8.11,109.1,100.9,1.86,2014.0,1323,Notre Dame
99.0,Butler,BE,14-17,6.73,105.4,98.6,63.9,-0.057,7.36,108.7,101.3,-1.64,2014.0,1139,Butler
100.0,Princeton,Ivy,21-9,6.43,105.8,99.3,65.0,0.014,-2.7,103.4,106.1,-3.14,2014.0,1343,Princeton
109.0,Vanderbilt,SEC,15-16,5.47,103.5,98.0,64.2,0.018,6.86,107.5,100.7,1.71,2014.0,1435,Vanderbilt
112.0,South Carolina,SEC,14-20,5.32,106.9,101.5,67.0,-0.052,7.92,108.2,100.2,2.46,2014.0,1376,South Carolina
115.0,Rhode Island,A10,14-18,5.07,103.8,98.7,66.6,-0.068,4.91,106.4,101.5,-1.88,2014.0,1348,Rhode Island
118.0,Wake Forest,ACC,17-16,4.96,106.0,101.0,68.0,0.058,8.45,109.7,101.2,-2.19,2014.0,1448,Wake Forest
134.0,Northwestern,B10,14-19,3.32,97.6,94.3,62.5,0.033,10.26,110.2,99.9,-1.08,2014.0,1321,Northwestern
186.0,Northwestern,Slnd,17-14,-1.29,108.0,109.3,75.7,-0.019,-5.35,102.4,107.8,6.36,2014.0,1321,Northwestern
140.0,S Dakota St,Sum,19-13,2.77,106.4,103.7,67.1,-0.002,-2.06,104.0,106.1,-0.13,2014.0,1355,S Dakota St
144.0,Nevada,MWC,15-17,2.17,108.8,106.7,65.4,0.027,3.52,107.1,103.6,1.91,2014.0,1305,Nevada
152.0,USC,P12,11-21,1.52,102.9,101.4,70.2,-0.015,8.82,109.4,100.5,0.83,2014.0,1425,USC
159.0,Bucknell,Pat,16-14,0.93,102.4,101.5,64.5,-0.041,-2.96,102.8,105.7,0.59,2014.0,1137,Bucknell
174.0,Virginia Tech,ACC,9-22,-0.72,99.5,100.3,64.0,-0.081,7.52,109.0,101.5,-2.51,2014.0,1439,Virginia Tech
182.0,FL Gulf Coast,ASun,22-13,-1.05,99.4,100.5,68.2,0.011,-7.27,102.2,109.4,-4.49,2014.0,1195,FL Gulf Coast
193.0,Kent,MAC,16-16,-2.13,103.6,105.7,66.4,-0.022,-2.24,102.1,104.4,-2.28,2014.0,1245,Kent
208.0,Mt St Mary's,NEC,16-17,-3.96,107.2,111.2,69.8,0.03,-4.95,102.0,107.0,1.18,2014.0,1291,Mt St Mary's
229.0,Winthrop,BSth,20-13,-5.43,102.6,108.0,66.3,0.061,-7.25,101.3,108.6,-0.8,2014.0,1457,Winthrop
243.0,ETSU,ASun,19-16,-6.15,102.9,109.0,70.6,0.019,-7.09,101.4,108.5,-4.68,2014.0,1190,ETSU
250.0,Troy,SB,11-20,-6.8,101.3,108.1,65.1,-0.086,-3.32,102.3,105.6,-4.48,2014.0,1407,Troy
258.0,TX Southern,SWAC,19-15,-7.48,106.0,113.5,67.3,-0.004,-11.84,96.9,108.7,-1.23,2014.0,1411,TX Southern
263.0,North Dakota,BSky,17-17,-7.74,103.8,111.5,69.4,0.063,-5.39,103.2,108.6,6.82,2014.0,1315,North Dakota
280.0,UNC Wilmington,CAA,9-23,-9.66,95.4,105.0,64.0,-0.043,-0.89,105.2,106.1,1.3,2014.0,1423,UNC Wilmington
309.0,Jacksonville St,OVC,10-21,-14.03,97.6,111.6,62.8,-0.016,-6.04,102.8,108.9,-6.84,2014.0,1240,Jacksonville St
311.0,N Kentucky,ASun,9-21,-14.05,102.0,116.1,63.5,-0.044,-6.32,101.5,107.9,-2.89,2014.0,1297,N Kentucky
316.0,UC Davis,BW,9-22,-15.12,100.8,115.9,66.4,0.035,-2.82,103.4,106.3,-5.15,2014.0,1413,UC Davis
317.0,New Orleans,Slnd,11-15,-15.21,95.5,110.7,71.7,0.065,-6.77,102.1,108.9,10.65,2014.0,1309,New Orleans
1.0,Kentucky,SEC,38-1,36.9,119.4,82.5,63.0,0.048,9.86,107.9,98.0,7.48,2015.0,1246,Kentucky
2.0,Wisconsin,B10,36-4,33.7,127.0,93.3,59.4,0.015,11.0,108.2,97.2,6.74,2015.0,1458,Wisconsin
3.0,Duke,ACC,35-4,32.46,122.5,90.0,66.1,0.068,11.25,109.1,97.8,3.87,2015.0,1181,Duke
4.0,Arizona,P12,34-4,32.4,117.9,85.5,66.0,-0.032,8.04,107.1,99.1,2.49,2015.0,1112,Arizona
5.0,Villanova,BE,33-3,30.65,120.6,89.9,64.9,0.031,8.41,107.1,98.7,2.28,2015.0,1437,Villanova
6.0,Virginia,ACC,30-4,30.08,113.6,83.5,58.9,0.023,8.79,107.4,98.6,2.7,2015.0,1438,Virginia
7.0,Gonzaga,WCC,35-3,27.76,119.7,92.0,65.4,0.019,5.11,106.2,101.1,5.79,2015.0,1211,Gonzaga
9.0,Notre Dame,ACC,32-6,24.95,123.4,98.5,63.9,0.062,8.56,106.7,98.2,-6.7,2015.0,1323,Notre Dame
10.0,North Carolina,ACC,26-12,23.85,117.1,93.2,69.2,-0.026,13.55,110.1,96.5,9.89,2015.0,1314,North Carolina
12.0,Kansas,B12,27-9,22.7,112.5,89.8,67.2,0.071,14.01,109.6,95.6,11.45,2015.0,1242,Kansas
13.0,Wichita St,MVC,30-5,22.16,113.7,91.6,62.8,0.022,3.62,104.2,100.6,4.82,2015.0,1455,Wichita St
14.0,Baylor,B12,24-10,22.11,114.5,92.4,62.3,-0.035,11.04,107.8,96.8,2.71,2015.0,1124,Baylor
15.0,Michigan St,B10,27-12,21.7,114.5,92.8,63.2,-0.017,11.2,109.3,98.1,1.93,2015.0,1277,Michigan St
16.0,Iowa St,B12,25-9,21.45,116.9,95.5,69.9,0.006,11.27,107.9,96.6,1.73,2015.0,1235,Iowa St
17.0,Louisville,ACC,27-9,21.22,108.2,86.9,65.1,0.027,10.45,108.4,98.0,1.33,2015.0,1257,Louisville
20.0,Butler,BE,23-11,20.09,108.1,88.0,63.9,-0.022,10.24,109.4,99.1,2.77,2015.0,1139,Butler
21.0,Xavier,BE,23-14,19.48,114.6,95.1,65.4,-0.062,10.84,108.3,97.5,3.77,2015.0,1462,Xavier
25.0,West Virginia,B12,25-10,17.62,110.5,92.8,68.4,0.087,10.5,107.9,97.4,-0.33,2015.0,1452,West Virginia
26.0,SMU,Amer,27-7,17.5,111.0,93.5,63.4,-0.004,3.37,104.2,100.9,4.37,2015.0,1374,SMU
27.0,Providence,BE,22-12,16.72,110.5,93.8,65.8,0.039,10.99,108.6,97.6,5.33,2015.0,1344,Providence
29.0,Arkansas,SEC,27-9,16.42,112.7,96.2,69.7,0.045,7.13,106.3,99.2,0.26,2015.0,1116,Arkansas
30.0,VA Commonwealth,A10,26-10,16.27,109.0,92.8,66.6,0.044,7.11,106.6,99.5,10.14,2015.0,1433,VA Commonwealth
33.0,Maryland,B10,28-7,15.72,109.3,93.5,64.5,0.128,8.39,107.4,99.0,1.07,2015.0,1268,Maryland
34.0,Florida,SEC,16-17,15.38,105.2,89.8,63.2,-0.117,10.96,108.5,97.5,6.92,2015.0,1196,Florida
36.0,Vanderbilt,SEC,21-14,14.98,113.6,98.6,63.5,-0.11,6.52,105.1,98.6,-1.24,2015.0,1435,Vanderbilt
38.0,Oklahoma St,B12,18-14,14.89,109.6,94.7,63.9,-0.045,10.85,107.0,96.2,0.18,2015.0,1329,Oklahoma St
40.0,UCLA,P12,22-14,14.68,110.8,96.1,66.6,0.032,9.25,106.9,97.6,5.69,2015.0,1417,UCLA
41.0,Miami FL,ACC,25-13,14.51,110.5,96.0,62.9,0.022,7.83,106.5,98.7,0.32,2015.0,1274,Miami FL
42.0,Dayton,A10,27-9,14.23,107.2,93.0,64.3,0.022,4.32,104.4,100.1,2.57,2015.0,1173,Dayton
43.0,Cincinnati,Amer,23-11,14.14,106.0,91.9,60.0,-0.015,4.4,103.9,99.5,5.12,2015.0,1153,Cincinnati
44.0,Purdue,B10,21-13,13.96,108.8,94.9,64.9,-0.006,8.55,108.1,99.6,0.62,2015.0,1345,Purdue
45.0,Oregon,P12,26-10,13.91,113.1,99.2,67.1,0.119,8.39,107.5,99.1,1.77,2015.0,1332,Oregon
52.0,Minnesota,B10,18-15,13.07,110.6,97.5,67.6,-0.099,7.53,105.9,98.4,-2.1,2015.0,1278,Minnesota
61.0,Rhode Island,A10,23-10,11.69,101.9,90.2,66.6,-0.005,2.71,103.3,100.6,-0.72,2015.0,1348,Rhode Island
63.0,South Carolina,SEC,17-16,11.36,103.5,92.2,64.7,-0.048,9.03,107.2,98.2,2.79,2015.0,1376,South Carolina
67.0,St Mary's CA,WCC,21-10,10.35,108.8,98.5,62.8,0.027,3.77,105.9,102.1,2.9,2015.0,1388,St Mary's CA
74.0,Michigan,B10,16-16,9.54,107.8,98.3,60.4,-0.008,10.62,108.6,97.9,5.11,2015.0,1276,Michigan
79.0,Creighton,BE,14-19,8.35,108.8,100.5,62.8,-0.082,8.43,106.7,98.3,-1.57,2015.0,1166,Creighton
80.0,Kansas St,B12,15-17,8.17,104.4,96.3,62.7,0.009,11.01,107.8,96.7,1.07,2015.0,1243,Kansas St
83.0,Seton Hall,BE,16-15,7.98,107.1,99.1,66.2,0.012,8.79,107.1,98.3,-0.54,2015.0,1371,Seton Hall
93.0,Marquette,BE,13-19,6.87,103.2,96.3,64.6,-0.043,10.9,109.5,98.6,2.36,2015.0,1266,Marquette
94.0,S Dakota St,Sum,24-11,6.84,106.7,99.9,66.7,-0.006,-4.04,101.3,105.4,-2.11,2015.0,1355,S Dakota St
98.0,New Mexico St,WAC,23-11,6.6,105.2,98.6,63.0,-0.042,-5.13,99.7,104.9,2.04,2015.0,1308,New Mexico St
99.0,Florida St,ACC,17-16,6.33,103.5,97.1,66.0,0.037,7.3,106.8,99.5,-1.27,2015.0,1199,Florida St
100.0,Iona,MAAC,26-9,6.19,111.5,105.3,70.2,0.048,-3.01,100.2,103.2,0.2,2015.0,1233,Iona
102.0,UC Davis,BW,25-7,6.15,110.3,104.2,63.5,0.067,-3.23,101.3,104.5,-8.12,2015.0,1413,UC Davis
103.0,NC Central,MEAC,25-8,6.07,103.3,97.3,60.2,0.027,-10.22,96.3,106.5,0.29,2015.0,1300,NC Central
119.0,Kent,MAC,23-12,5.02,105.3,100.3,62.0,0.029,-0.85,102.7,103.6,-4.9,2015.0,1245,Kent
120.0,Wake Forest,ACC,13-19,4.75,104.3,99.6,68.5,-0.025,8.6,107.6,99.0,-0.23,2015.0,1448,Wake Forest
122.0,Northwestern,B10,15-17,4.59,105.7,101.1,60.2,0.009,8.1,108.0,99.9,-2.44,2015.0,1321,Northwestern
229.0,Northwestern,Slnd,19-13,-5.13,110.5,115.6,73.6,0.054,-5.41,100.2,105.6,8.48,2015.0,1321,Northwestern
123.0,Vermont,AE,20-14,4.41,101.3,96.9,64.8,-0.118,-5.96,98.4,104.4,-1.72,2015.0,1436,Vermont
151.0,USC,P12,12-20,1.48,99.3,97.8,68.7,-0.006,6.33,106.0,99.6,-2.28,2015.0,1425,USC
157.0,MTSU,CUSA,19-17,0.61,100.3,99.6,61.5,0.003,-0.57,102.2,102.8,1.0,2015.0,1292,MTSU
159.0,Princeton,Ivy,16-14,0.58,105.3,104.7,65.2,-0.032,-2.95,100.3,103.3,-4.28,2015.0,1343,Princeton
174.0,UNC Wilmington,CAA,18-14,-0.9,99.4,100.3,67.9,0.058,-2.72,102.1,104.8,-1.56,2015.0,1423,UNC Wilmington
175.0,Virginia Tech,ACC,11-22,-0.9,104.2,105.1,64.2,-0.043,6.4,106.1,99.7,-7.47,2015.0,1439,Virginia Tech
176.0,Winthrop,BSth,19-13,-0.96,102.7,103.7,66.4,-0.051,-7.71,99.1,106.8,-6.68,2015.0,1457,Winthrop
190.0,FL Gulf Coast,ASun,22-11,-1.91,99.5,101.4,64.9,0.044,-5.8,101.2,106.9,1.66,2015.0,1195,FL Gulf Coast
201.0,Bucknell,Pat,19-15,-2.77,103.6,106.4,64.6,0.076,-3.46,102.2,105.6,0.62,2015.0,1137,Bucknell
214.0,TX Southern,SWAC,22-13,-3.86,101.9,105.8,64.2,0.129,-7.95,98.0,105.9,9.56,2015.0,1411,TX Southern
217.0,ETSU,SC,16-14,-4.27,101.1,105.3,67.9,0.035,-4.61,101.5,106.1,2.54,2015.0,1190,ETSU
226.0,Mt St Mary's,NEC,15-15,-4.99,96.3,101.3,63.0,0.04,-5.36,100.3,105.6,2.2,2015.0,1291,Mt St Mary's
246.0,N Kentucky,ASun,13-17,-6.72,102.0,108.7,64.5,-0.059,-5.53,102.0,107.5,1.31,2015.0,1297,N Kentucky
271.0,Nevada,MWC,9-22,-8.55,95.7,104.2,64.3,-0.084,0.6,102.4,101.7,-2.49,2015.0,1305,Nevada
287.0,Troy,SB,10-19,-9.78,97.7,107.5,65.3,-0.054,-5.58,98.9,104.5,-12.58,2015.0,1407,Troy
310.0,New Orleans,Slnd,11-18,-13.23,95.0,108.3,68.0,-0.035,-7.94,99.6,107.5,5.46,2015.0,1309,New Orleans
311.0,Jacksonville St,OVC,12-19,-13.29,92.9,106.2,63.7,0.053,-4.7,100.8,105.5,-5.5,2015.0,1240,Jacksonville St
314.0,North Dakota,BSky,8-22,-13.78,94.8,108.5,68.1,-0.031,-4.5,102.6,107.1,2.01,2015.0,1315,North Dakota
