,Id,Pred
0,2007_1107_1112,0.5
1,2007_1107_1116,0.5
2,2007_1107_1125,0.5
3,2007_1107_1130,0.5
4,2007_1107_1139,0.5
5,2007_1107_1140,0.5
6,2007_1107_1148,0.5
7,2007_1107_1166,0.5
8,2007_1107_1172,0.5
9,2007_1107_1181,0.5
10,2007_1107_1184,0.5
11,2007_1107_1196,0.5
12,2007_1107_1197,0.5
13,2007_1107_1203,0.5
14,2007_1107_1207,0.5
15,2007_1107_1210,0.5
16,2007_1107_1211,0.5
17,2007_1107_1221,0.5
18,2007_1107_1228,0.5
19,2007_1107_1231,0.5
20,2007_1107_1238,0.5
21,2007_1107_1242,0.5
22,2007_1107_1246,0.5
23,2007_1107_1253,0.5
24,2007_1107_1257,0.5
25,2007_1107_1266,0.5
26,2007_1107_1268,0.5
27,2007_1107_1272,0.5
28,2007_1107_1275,0.5
29,2007_1107_1277,0.5
30,2007_1107_1305,0.5
31,2007_1107_1308,0.5
32,2007_1107_1310,0.5
33,2007_1107_1314,0.5
34,2007_1107_1317,0.5
35,2007_1107_1323,0.5
36,2007_1107_1326,0.5
37,2007_1107_1330,0.5
38,2007_1107_1331,0.5
39,2007_1107_1332,0.5
40,2007_1107_1335,0.5
41,2007_1107_1338,0.5
42,2007_1107_1345,0.5
43,2007_1107_1356,0.5
44,2007_1107_1390,0.5
45,2007_1107_1394,0.5
46,2007_1107_1397,0.5
47,2007_1107_1400,0.5
48,2007_1107_1401,0.5
49,2007_1107_1403,0.5
50,2007_1107_1417,0.5
51,2007_1107_1424,0.5
52,2007_1107_1425,0.5
53,2007_1107_1433,0.5
54,2007_1107_1435,0.5
55,2007_1107_1437,0.5
56,2007_1107_1438,0.5
57,2007_1107_1439,0.5
58,2007_1107_1450,0.5
59,2007_1107_1451,0.5
60,2007_1107_1457,0.5
61,2007_1107_1458,0.5
62,2007_1107_1460,0.5
63,2007_1107_1462,0.5
64,2007_1112_1116,0.5
65,2007_1112_1125,0.5
66,2007_1112_1130,0.5
67,2007_1112_1139,0.5
68,2007_1112_1140,0.5
69,2007_1112_1148,0.5
70,2007_1112_1166,0.5
71,2007_1112_1172,0.5
72,2007_1112_1181,0.5
73,2007_1112_1184,0.5
74,2007_1112_1196,0.5
75,2007_1112_1197,0.5
76,2007_1112_1203,0.5
77,2007_1112_1207,0.5
78,2007_1112_1210,0.5
79,2007_1112_1211,0.5
80,2007_1112_1221,0.5
81,2007_1112_1228,0.5
82,2007_1112_1231,0.5
83,2007_1112_1238,0.5
84,2007_1112_1242,0.5
85,2007_1112_1246,0.5
86,2007_1112_1253,0.5
87,2007_1112_1257,0.5
88,2007_1112_1266,0.5
89,2007_1112_1268,0.5
90,2007_1112_1272,0.5
91,2007_1112_1275,0.5
92,2007_1112_1277,0.5
93,2007_1112_1305,0.5
94,2007_1112_1308,0.5
95,2007_1112_1310,0.5
96,2007_1112_1314,0.5
97,2007_1112_1317,0.5
98,2007_1112_1323,0.5
99,2007_1112_1326,0.5
100,2007_1112_1330,0.5
101,2007_1112_1331,0.5
102,2007_1112_1332,0.5
103,2007_1112_1335,0.5
104,2007_1112_1338,0.5
105,2007_1112_1345,0.5
106,2007_1112_1356,0.5
107,2007_1112_1390,0.5
108,2007_1112_1394,0.5
109,2007_1112_1397,0.5
110,2007_1112_1400,0.5
111,2007_1112_1401,0.5
112,2007_1112_1403,0.5
113,2007_1112_1417,0.5
114,2007_1112_1424,0.5
115,2007_1112_1425,0.5
116,2007_1112_1433,0.5
117,2007_1112_1435,0.5
118,2007_1112_1437,0.5
119,2007_1112_1438,0.5
120,2007_1112_1439,0.5
121,2007_1112_1450,0.5
122,2007_1112_1451,0.5
123,2007_1112_1457,0.5
124,2007_1112_1458,0.5
125,2007_1112_1460,0.5
126,2007_1112_1462,0.5
127,2007_1116_1125,0.5
128,2007_1116_1130,0.5
129,2007_1116_1139,0.5
130,2007_1116_1140,0.5
131,2007_1116_1148,0.5
132,2007_1116_1166,0.5
133,2007_1116_1172,0.5
134,2007_1116_1181,0.5
135,2007_1116_1184,0.5
136,2007_1116_1196,0.5
137,2007_1116_1197,0.5
138,2007_1116_1203,0.5
139,2007_1116_1207,0.5
140,2007_1116_1210,0.5
141,2007_1116_1211,0.5
142,2007_1116_1221,0.5
143,2007_1116_1228,0.5
144,2007_1116_1231,0.5
145,2007_1116_1238,0.5
146,2007_1116_1242,0.5
147,2007_1116_1246,0.5
148,2007_1116_1253,0.5
149,2007_1116_1257,0.5
150,2007_1116_1266,0.5
151,2007_1116_1268,0.5
152,2007_1116_1272,0.5
153,2007_1116_1275,0.5
154,2007_1116_1277,0.5
155,2007_1116_1305,0.5
156,2007_1116_1308,0.5
157,2007_1116_1310,0.5
158,2007_1116_1314,0.5
159,2007_1116_1317,0.5
160,2007_1116_1323,0.5
161,2007_1116_1326,0.5
162,2007_1116_1330,0.5
163,2007_1116_1331,0.5
164,2007_1116_1332,0.5
165,2007_1116_1335,0.5
166,2007_1116_1338,0.5
167,2007_1116_1345,0.5
168,2007_1116_1356,0.5
169,2007_1116_1390,0.5
170,2007_1116_1394,0.5
171,2007_1116_1397,0.5
172,2007_1116_1400,0.5
173,2007_1116_1401,0.5
174,2007_1116_1403,0.5
175,2007_1116_1417,0.5
176,2007_1116_1424,0.5
177,2007_1116_1425,0.5
178,2007_1116_1433,0.5
179,2007_1116_1435,0.5
180,2007_1116_1437,0.5
181,2007_1116_1438,0.5
182,2007_1116_1439,0.5
183,2007_1116_1450,0.5
184,2007_1116_1451,0.5
185,2007_1116_1457,0.5
186,2007_1116_1458,0.5
187,2007_1116_1460,0.5
188,2007_1116_1462,0.5
189,2007_1125_1130,0.5
190,2007_1125_1139,0.5
191,2007_1125_1140,0.5
192,2007_1125_1148,0.5
193,2007_1125_1166,0.5
194,2007_1125_1172,0.5
195,2007_1125_1181,0.5
196,2007_1125_1184,0.5
197,2007_1125_1196,0.5
198,2007_1125_1197,0.5
199,2007_1125_1203,0.5
200,2007_1125_1207,0.5
201,2007_1125_1210,0.5
202,2007_1125_1211,0.5
203,2007_1125_1221,0.5
204,2007_1125_1228,0.5
205,2007_1125_1231,0.5
206,2007_1125_1238,0.5
207,2007_1125_1242,0.5
208,2007_1125_1246,0.5
209,2007_1125_1253,0.5
210,2007_1125_1257,0.5
211,2007_1125_1266,0.5
212,2007_1125_1268,0.5
213,2007_1125_1272,0.5
214,2007_1125_1275,0.5
215,2007_1125_1277,0.5
216,2007_1125_1305,0.5
217,2007_1125_1308,0.5
218,2007_1125_1310,0.5
219,2007_1125_1314,0.5
220,2007_1125_1317,0.5
221,2007_1125_1323,0.5
222,2007_1125_1326,0.5
223,2007_1125_1330,0.5
224,2007_1125_1331,0.5
225,2007_1125_1332,0.5
226,2007_1125_1335,0.5
227,2007_1125_1338,0.5
228,2007_1125_1345,0.5
229,2007_1125_1356,0.5
230,2007_1125_1390,0.5
231,2007_1125_1394,0.5
232,2007_1125_1397,0.5
233,2007_1125_1400,0.5
234,2007_1125_1401,0.5
235,2007_1125_1403,0.5
236,2007_1125_1417,0.5
237,2007_1125_1424,0.5
238,2007_1125_1425,0.5
239,2007_1125_1433,0.5
240,2007_1125_1435,0.5
241,2007_1125_1437,0.5
242,2007_1125_1438,0.5
243,2007_1125_1439,0.5
244,2007_1125_1450,0.5
245,2007_1125_1451,0.5
246,2007_1125_1457,0.5
247,2007_1125_1458,0.5
248,2007_1125_1460,0.5
249,2007_1125_1462,0.5
250,2007_1130_1139,0.5
251,2007_1130_1140,0.5
252,2007_1130_1148,0.5
253,2007_1130_1166,0.5
254,2007_1130_1172,0.5
255,2007_1130_1181,0.5
256,2007_1130_1184,0.5
257,2007_1130_1196,0.5
258,2007_1130_1197,0.5
259,2007_1130_1203,0.5
260,2007_1130_1207,0.5
261,2007_1130_1210,0.5
262,2007_1130_1211,0.5
263,2007_1130_1221,0.5
264,2007_1130_1228,0.5
265,2007_1130_1231,0.5
266,2007_1130_1238,0.5
267,2007_1130_1242,0.5
268,2007_1130_1246,0.5
269,2007_1130_1253,0.5
270,2007_1130_1257,0.5
271,2007_1130_1266,0.5
272,2007_1130_1268,0.5
273,2007_1130_1272,0.5
274,2007_1130_1275,0.5
275,2007_1130_1277,0.5
276,2007_1130_1305,0.5
277,2007_1130_1308,0.5
278,2007_1130_1310,0.5
279,2007_1130_1314,0.5
280,2007_1130_1317,0.5
281,2007_1130_1323,0.5
282,2007_1130_1326,0.5
283,2007_1130_1330,0.5
284,2007_1130_1331,0.5
285,2007_1130_1332,0.5
286,2007_1130_1335,0.5
287,2007_1130_1338,0.5
288,2007_1130_1345,0.5
289,2007_1130_1356,0.5
290,2007_1130_1390,0.5
291,2007_1130_1394,0.5
292,2007_1130_1397,0.5
293,2007_1130_1400,0.5
294,2007_1130_1401,0.5
295,2007_1130_1403,0.5
296,2007_1130_1417,0.5
297,2007_1130_1424,0.5
298,2007_1130_1425,0.5
299,2007_1130_1433,0.5
300,2007_1130_1435,0.5
301,2007_1130_1437,0.5
302,2007_1130_1438,0.5
303,2007_1130_1439,0.5
304,2007_1130_1450,0.5
305,2007_1130_1451,0.5
306,2007_1130_1457,0.5
307,2007_1130_1458,0.5
308,2007_1130_1460,0.5
309,2007_1130_1462,0.5
310,2007_1139_1140,0.5
311,2007_1139_1148,0.5
312,2007_1139_1166,0.5
313,2007_1139_1172,0.5
314,2007_1139_1181,0.5
315,2007_1139_1184,0.5
316,2007_1139_1196,0.5
317,2007_1139_1197,0.5
318,2007_1139_1203,0.5
319,2007_1139_1207,0.5
320,2007_1139_1210,0.5
321,2007_1139_1211,0.5
322,2007_1139_1221,0.5
323,2007_1139_1228,0.5
324,2007_1139_1231,0.5
325,2007_1139_1238,0.5
326,2007_1139_1242,0.5
327,2007_1139_1246,0.5
328,2007_1139_1253,0.5
329,2007_1139_1257,0.5
330,2007_1139_1266,0.5
331,2007_1139_1268,0.5
332,2007_1139_1272,0.5
333,2007_1139_1275,0.5
334,2007_1139_1277,0.5
335,2007_1139_1305,0.5
336,2007_1139_1308,0.5
337,2007_1139_1310,0.5
338,2007_1139_1314,0.5
339,2007_1139_1317,0.5
340,2007_1139_1323,0.5
341,2007_1139_1326,0.5
342,2007_1139_1330,0.5
343,2007_1139_1331,0.5
344,2007_1139_1332,0.5
345,2007_1139_1335,0.5
346,2007_1139_1338,0.5
347,2007_1139_1345,0.5
348,2007_1139_1356,0.5
349,2007_1139_1390,0.5
350,2007_1139_1394,0.5
351,2007_1139_1397,0.5
352,2007_1139_1400,0.5
353,2007_1139_1401,0.5
354,2007_1139_1403,0.5
355,2007_1139_1417,0.5
356,2007_1139_1424,0.5
357,2007_1139_1425,0.5
358,2007_1139_1433,0.5
359,2007_1139_1435,0.5
360,2007_1139_1437,0.5
361,2007_1139_1438,0.5
362,2007_1139_1439,0.5
363,2007_1139_1450,0.5
364,2007_1139_1451,0.5
365,2007_1139_1457,0.5
366,2007_1139_1458,0.5
367,2007_1139_1460,0.5
368,2007_1139_1462,0.5
369,2007_1140_1148,0.5
370,2007_1140_1166,0.5
371,2007_1140_1172,0.5
372,2007_1140_1181,0.5
373,2007_1140_1184,0.5
374,2007_1140_1196,0.5
375,2007_1140_1197,0.5
376,2007_1140_1203,0.5
377,2007_1140_1207,0.5
378,2007_1140_1210,0.5
379,2007_1140_1211,0.5
380,2007_1140_1221,0.5
381,2007_1140_1228,0.5
382,2007_1140_1231,0.5
383,2007_1140_1238,0.5
384,2007_1140_1242,0.5
385,2007_1140_1246,0.5
386,2007_1140_1253,0.5
387,2007_1140_1257,0.5
388,2007_1140_1266,0.5
389,2007_1140_1268,0.5
390,2007_1140_1272,0.5
391,2007_1140_1275,0.5
392,2007_1140_1277,0.5
393,2007_1140_1305,0.5
394,2007_1140_1308,0.5
395,2007_1140_1310,0.5
396,2007_1140_1314,0.5
397,2007_1140_1317,0.5
398,2007_1140_1323,0.5
399,2007_1140_1326,0.5
400,2007_1140_1330,0.5
401,2007_1140_1331,0.5
402,2007_1140_1332,0.5
403,2007_1140_1335,0.5
404,2007_1140_1338,0.5
405,2007_1140_1345,0.5
406,2007_1140_1356,0.5
407,2007_1140_1390,0.5
408,2007_1140_1394,0.5
409,2007_1140_1397,0.5
410,2007_1140_1400,0.5
411,2007_1140_1401,0.5
412,2007_1140_1403,0.5
413,2007_1140_1417,0.5
414,2007_1140_1424,0.5
415,2007_1140_1425,0.5
416,2007_1140_1433,0.5
417,2007_1140_1435,0.5
418,2007_1140_1437,0.5
419,2007_1140_1438,0.5
420,2007_1140_1439,0.5
421,2007_1140_1450,0.5
422,2007_1140_1451,0.5
423,2007_1140_1457,0.5
424,2007_1140_1458,0.5
425,2007_1140_1460,0.5
426,2007_1140_1462,0.5
427,2007_1148_1166,0.5
428,2007_1148_1172,0.5
429,2007_1148_1181,0.5
430,2007_1148_1184,0.5
431,2007_1148_1196,0.5
432,2007_1148_1197,0.5
433,2007_1148_1203,0.5
434,2007_1148_1207,0.5
435,2007_1148_1210,0.5
436,2007_1148_1211,0.5
437,2007_1148_1221,0.5
438,2007_1148_1228,0.5
439,2007_1148_1231,0.5
440,2007_1148_1238,0.5
441,2007_1148_1242,0.5
442,2007_1148_1246,0.5
443,2007_1148_1253,0.5
444,2007_1148_1257,0.5
445,2007_1148_1266,0.5
446,2007_1148_1268,0.5
447,2007_1148_1272,0.5
448,2007_1148_1275,0.5
449,2007_1148_1277,0.5
450,2007_1148_1305,0.5
451,2007_1148_1308,0.5
452,2007_1148_1310,0.5
453,2007_1148_1314,0.5
454,2007_1148_1317,0.5
455,2007_1148_1323,0.5
456,2007_1148_1326,0.5
457,2007_1148_1330,0.5
458,2007_1148_1331,0.5
459,2007_1148_1332,0.5
460,2007_1148_1335,0.5
461,2007_1148_1338,0.5
462,2007_1148_1345,0.5
463,2007_1148_1356,0.5
464,2007_1148_1390,0.5
465,2007_1148_1394,0.5
466,2007_1148_1397,0.5
467,2007_1148_1400,0.5
468,2007_1148_1401,0.5
469,2007_1148_1403,0.5
470,2007_1148_1417,0.5
471,2007_1148_1424,0.5
472,2007_1148_1425,0.5
473,2007_1148_1433,0.5
474,2007_1148_1435,0.5
475,2007_1148_1437,0.5
476,2007_1148_1438,0.5
477,2007_1148_1439,0.5
478,2007_1148_1450,0.5
479,2007_1148_1451,0.5
480,2007_1148_1457,0.5
481,2007_1148_1458,0.5
482,2007_1148_1460,0.5
483,2007_1148_1462,0.5
484,2007_1166_1172,0.5
485,2007_1166_1181,0.5
486,2007_1166_1184,0.5
487,2007_1166_1196,0.5
488,2007_1166_1197,0.5
489,2007_1166_1203,0.5
490,2007_1166_1207,0.5
491,2007_1166_1210,0.5
492,2007_1166_1211,0.5
493,2007_1166_1221,0.5
494,2007_1166_1228,0.5
495,2007_1166_1231,0.5
496,2007_1166_1238,0.5
497,2007_1166_1242,0.5
498,2007_1166_1246,0.5
499,2007_1166_1253,0.5
500,2007_1166_1257,0.5
501,2007_1166_1266,0.5
502,2007_1166_1268,0.5
503,2007_1166_1272,0.5
504,2007_1166_1275,0.5
505,2007_1166_1277,0.5
506,2007_1166_1305,0.5
507,2007_1166_1308,0.5
508,2007_1166_1310,0.5
509,2007_1166_1314,0.5
510,2007_1166_1317,0.5
511,2007_1166_1323,0.5
512,2007_1166_1326,0.5
513,2007_1166_1330,0.5
514,2007_1166_1331,0.5
515,2007_1166_1332,0.5
516,2007_1166_1335,0.5
517,2007_1166_1338,0.5
518,2007_1166_1345,0.5
519,2007_1166_1356,0.5
520,2007_1166_1390,0.5
521,2007_1166_1394,0.5
522,2007_1166_1397,0.5
523,2007_1166_1400,0.5
524,2007_1166_1401,0.5
525,2007_1166_1403,0.5
526,2007_1166_1417,0.5
527,2007_1166_1424,0.5
528,2007_1166_1425,0.5
529,2007_1166_1433,0.5
530,2007_1166_1435,0.5
531,2007_1166_1437,0.5
532,2007_1166_1438,0.5
533,2007_1166_1439,0.5
534,2007_1166_1450,0.5
535,2007_1166_1451,0.5
536,2007_1166_1457,0.5
537,2007_1166_1458,0.5
538,2007_1166_1460,0.5
539,2007_1166_1462,0.5
540,2007_1172_1181,0.5
541,2007_1172_1184,0.5
542,2007_1172_1196,0.5
543,2007_1172_1197,0.5
544,2007_1172_1203,0.5
545,2007_1172_1207,0.5
546,2007_1172_1210,0.5
547,2007_1172_1211,0.5
548,2007_1172_1221,0.5
549,2007_1172_1228,0.5
550,2007_1172_1231,0.5
551,2007_1172_1238,0.5
552,2007_1172_1242,0.5
553,2007_1172_1246,0.5
554,2007_1172_1253,0.5
555,2007_1172_1257,0.5
556,2007_1172_1266,0.5
557,2007_1172_1268,0.5
558,2007_1172_1272,0.5
559,2007_1172_1275,0.5
560,2007_1172_1277,0.5
561,2007_1172_1305,0.5
562,2007_1172_1308,0.5
563,2007_1172_1310,0.5
564,2007_1172_1314,0.5
565,2007_1172_1317,0.5
566,2007_1172_1323,0.5
567,2007_1172_1326,0.5
568,2007_1172_1330,0.5
569,2007_1172_1331,0.5
570,2007_1172_1332,0.5
571,2007_1172_1335,0.5
572,2007_1172_1338,0.5
573,2007_1172_1345,0.5
574,2007_1172_1356,0.5
575,2007_1172_1390,0.5
576,2007_1172_1394,0.5
577,2007_1172_1397,0.5
578,2007_1172_1400,0.5
579,2007_1172_1401,0.5
580,2007_1172_1403,0.5
581,2007_1172_1417,0.5
582,2007_1172_1424,0.5
583,2007_1172_1425,0.5
584,2007_1172_1433,0.5
585,2007_1172_1435,0.5
586,2007_1172_1437,0.5
587,2007_1172_1438,0.5
588,2007_1172_1439,0.5
589,2007_1172_1450,0.5
590,2007_1172_1451,0.5
591,2007_1172_1457,0.5
592,2007_1172_1458,0.5
593,2007_1172_1460,0.5
594,2007_1172_1462,0.5
595,2007_1181_1184,0.5
596,2007_1181_1196,0.5
597,2007_1181_1197,0.5
598,2007_1181_1203,0.5
599,2007_1181_1207,0.5
600,2007_1181_1210,0.5
601,2007_1181_1211,0.5
602,2007_1181_1221,0.5
603,2007_1181_1228,0.5
604,2007_1181_1231,0.5
605,2007_1181_1238,0.5
606,2007_1181_1242,0.5
607,2007_1181_1246,0.5
608,2007_1181_1253,0.5
609,2007_1181_1257,0.5
610,2007_1181_1266,0.5
611,2007_1181_1268,0.5
612,2007_1181_1272,0.5
613,2007_1181_1275,0.5
614,2007_1181_1277,0.5
615,2007_1181_1305,0.5
616,2007_1181_1308,0.5
617,2007_1181_1310,0.5
618,2007_1181_1314,0.5
619,2007_1181_1317,0.5
620,2007_1181_1323,0.5
621,2007_1181_1326,0.5
622,2007_1181_1330,0.5
623,2007_1181_1331,0.5
624,2007_1181_1332,0.5
625,2007_1181_1335,0.5
626,2007_1181_1338,0.5
627,2007_1181_1345,0.5
628,2007_1181_1356,0.5
629,2007_1181_1390,0.5
630,2007_1181_1394,0.5
631,2007_1181_1397,0.5
632,2007_1181_1400,0.5
633,2007_1181_1401,0.5
634,2007_1181_1403,0.5
635,2007_1181_1417,0.5
636,2007_1181_1424,0.5
637,2007_1181_1425,0.5
638,2007_1181_1433,0.5
639,2007_1181_1435,0.5
640,2007_1181_1437,0.5
641,2007_1181_1438,0.5
642,2007_1181_1439,0.5
643,2007_1181_1450,0.5
644,2007_1181_1451,0.5
645,2007_1181_1457,0.5
646,2007_1181_1458,0.5
647,2007_1181_1460,0.5
648,2007_1181_1462,0.5
649,2007_1184_1196,0.5
650,2007_1184_1197,0.5
651,2007_1184_1203,0.5
652,2007_1184_1207,0.5
653,2007_1184_1210,0.5
654,2007_1184_1211,0.5
655,2007_1184_1221,0.5
656,2007_1184_1228,0.5
657,2007_1184_1231,0.5
658,2007_1184_1238,0.5
659,2007_1184_1242,0.5
660,2007_1184_1246,0.5
661,2007_1184_1253,0.5
662,2007_1184_1257,0.5
663,2007_1184_1266,0.5
664,2007_1184_1268,0.5
665,2007_1184_1272,0.5
666,2007_1184_1275,0.5
667,2007_1184_1277,0.5
668,2007_1184_1305,0.5
669,2007_1184_1308,0.5
670,2007_1184_1310,0.5
671,2007_1184_1314,0.5
672,2007_1184_1317,0.5
673,2007_1184_1323,0.5
674,2007_1184_1326,0.5
675,2007_1184_1330,0.5
676,2007_1184_1331,0.5
677,2007_1184_1332,0.5
678,2007_1184_1335,0.5
679,2007_1184_1338,0.5
680,2007_1184_1345,0.5
681,2007_1184_1356,0.5
682,2007_1184_1390,0.5
683,2007_1184_1394,0.5
684,2007_1184_1397,0.5
685,2007_1184_1400,0.5
686,2007_1184_1401,0.5
687,2007_1184_1403,0.5
688,2007_1184_1417,0.5
689,2007_1184_1424,0.5
690,2007_1184_1425,0.5
691,2007_1184_1433,0.5
692,2007_1184_1435,0.5
693,2007_1184_1437,0.5
694,2007_1184_1438,0.5
695,2007_1184_1439,0.5
696,2007_1184_1450,0.5
697,2007_1184_1451,0.5
698,2007_1184_1457,0.5
699,2007_1184_1458,0.5
700,2007_1184_1460,0.5
701,2007_1184_1462,0.5
702,2007_1196_1197,0.5
703,2007_1196_1203,0.5
704,2007_1196_1207,0.5
705,2007_1196_1210,0.5
706,2007_1196_1211,0.5
707,2007_1196_1221,0.5
708,2007_1196_1228,0.5
709,2007_1196_1231,0.5
710,2007_1196_1238,0.5
711,2007_1196_1242,0.5
712,2007_1196_1246,0.5
713,2007_1196_1253,0.5
714,2007_1196_1257,0.5
715,2007_1196_1266,0.5
716,2007_1196_1268,0.5
717,2007_1196_1272,0.5
718,2007_1196_1275,0.5
719,2007_1196_1277,0.5
720,2007_1196_1305,0.5
721,2007_1196_1308,0.5
722,2007_1196_1310,0.5
723,2007_1196_1314,0.5
724,2007_1196_1317,0.5
725,2007_1196_1323,0.5
726,2007_1196_1326,0.5
727,2007_1196_1330,0.5
728,2007_1196_1331,0.5
729,2007_1196_1332,0.5
730,2007_1196_1335,0.5
731,2007_1196_1338,0.5
732,2007_1196_1345,0.5
733,2007_1196_1356,0.5
734,2007_1196_1390,0.5
735,2007_1196_1394,0.5
736,2007_1196_1397,0.5
737,2007_1196_1400,0.5
738,2007_1196_1401,0.5
739,2007_1196_1403,0.5
740,2007_1196_1417,0.5
741,2007_1196_1424,0.5
742,2007_1196_1425,0.5
743,2007_1196_1433,0.5
744,2007_1196_1435,0.5
745,2007_1196_1437,0.5
746,2007_1196_1438,0.5
747,2007_1196_1439,0.5
748,2007_1196_1450,0.5
749,2007_1196_1451,0.5
750,2007_1196_1457,0.5
751,2007_1196_1458,0.5
752,2007_1196_1460,0.5
753,2007_1196_1462,0.5
754,2007_1197_1203,0.5
755,2007_1197_1207,0.5
756,2007_1197_1210,0.5
757,2007_1197_1211,0.5
758,2007_1197_1221,0.5
759,2007_1197_1228,0.5
760,2007_1197_1231,0.5
761,2007_1197_1238,0.5
762,2007_1197_1242,0.5
763,2007_1197_1246,0.5
764,2007_1197_1253,0.5
765,2007_1197_1257,0.5
766,2007_1197_1266,0.5
767,2007_1197_1268,0.5
768,2007_1197_1272,0.5
769,2007_1197_1275,0.5
770,2007_1197_1277,0.5
771,2007_1197_1305,0.5
772,2007_1197_1308,0.5
773,2007_1197_1310,0.5
774,2007_1197_1314,0.5
775,2007_1197_1317,0.5
776,2007_1197_1323,0.5
777,2007_1197_1326,0.5
778,2007_1197_1330,0.5
779,2007_1197_1331,0.5
780,2007_1197_1332,0.5
781,2007_1197_1335,0.5
782,2007_1197_1338,0.5
783,2007_1197_1345,0.5
784,2007_1197_1356,0.5
785,2007_1197_1390,0.5
786,2007_1197_1394,0.5
787,2007_1197_1397,0.5
788,2007_1197_1400,0.5
789,2007_1197_1401,0.5
790,2007_1197_1403,0.5
791,2007_1197_1417,0.5
792,2007_1197_1424,0.5
793,2007_1197_1425,0.5
794,2007_1197_1433,0.5
795,2007_1197_1435,0.5
796,2007_1197_1437,0.5
797,2007_1197_1438,0.5
798,2007_1197_1439,0.5
799,2007_1197_1450,0.5
800,2007_1197_1451,0.5
801,2007_1197_1457,0.5
802,2007_1197_1458,0.5
803,2007_1197_1460,0.5
804,2007_1197_1462,0.5
805,2007_1203_1207,0.5
806,2007_1203_1210,0.5
807,2007_1203_1211,0.5
808,2007_1203_1221,0.5
809,2007_1203_1228,0.5
810,2007_1203_1231,0.5
811,2007_1203_1238,0.5
812,2007_1203_1242,0.5
813,2007_1203_1246,0.5
814,2007_1203_1253,0.5
815,2007_1203_1257,0.5
816,2007_1203_1266,0.5
817,2007_1203_1268,0.5
818,2007_1203_1272,0.5
819,2007_1203_1275,0.5
820,2007_1203_1277,0.5
821,2007_1203_1305,0.5
822,2007_1203_1308,0.5
823,2007_1203_1310,0.5
824,2007_1203_1314,0.5
825,2007_1203_1317,0.5
826,2007_1203_1323,0.5
827,2007_1203_1326,0.5
828,2007_1203_1330,0.5
829,2007_1203_1331,0.5
830,2007_1203_1332,0.5
831,2007_1203_1335,0.5
832,2007_1203_1338,0.5
833,2007_1203_1345,0.5
834,2007_1203_1356,0.5
835,2007_1203_1390,0.5
836,2007_1203_1394,0.5
837,2007_1203_1397,0.5
838,2007_1203_1400,0.5
839,2007_1203_1401,0.5
840,2007_1203_1403,0.5
841,2007_1203_1417,0.5
842,2007_1203_1424,0.5
843,2007_1203_1425,0.5
844,2007_1203_1433,0.5
845,2007_1203_1435,0.5
846,2007_1203_1437,0.5
847,2007_1203_1438,0.5
848,2007_1203_1439,0.5
849,2007_1203_1450,0.5
850,2007_1203_1451,0.5
851,2007_1203_1457,0.5
852,2007_1203_1458,0.5
853,2007_1203_1460,0.5
854,2007_1203_1462,0.5
855,2007_1207_1210,0.5
856,2007_1207_1211,0.5
857,2007_1207_1221,0.5
858,2007_1207_1228,0.5
859,2007_1207_1231,0.5
860,2007_1207_1238,0.5
861,2007_1207_1242,0.5
862,2007_1207_1246,0.5
863,2007_1207_1253,0.5
864,2007_1207_1257,0.5
865,2007_1207_1266,0.5
866,2007_1207_1268,0.5
867,2007_1207_1272,0.5
868,2007_1207_1275,0.5
869,2007_1207_1277,0.5
870,2007_1207_1305,0.5
871,2007_1207_1308,0.5
872,2007_1207_1310,0.5
873,2007_1207_1314,0.5
874,2007_1207_1317,0.5
875,2007_1207_1323,0.5
876,2007_1207_1326,0.5
877,2007_1207_1330,0.5
878,2007_1207_1331,0.5
879,2007_1207_1332,0.5
880,2007_1207_1335,0.5
881,2007_1207_1338,0.5
882,2007_1207_1345,0.5
883,2007_1207_1356,0.5
884,2007_1207_1390,0.5
885,2007_1207_1394,0.5
886,2007_1207_1397,0.5
887,2007_1207_1400,0.5
888,2007_1207_1401,0.5
889,2007_1207_1403,0.5
890,2007_1207_1417,0.5
891,2007_1207_1424,0.5
892,2007_1207_1425,0.5
893,2007_1207_1433,0.5
894,2007_1207_1435,0.5
895,2007_1207_1437,0.5
896,2007_1207_1438,0.5
897,2007_1207_1439,0.5
898,2007_1207_1450,0.5
899,2007_1207_1451,0.5
900,2007_1207_1457,0.5
901,2007_1207_1458,0.5
902,2007_1207_1460,0.5
903,2007_1207_1462,0.5
904,2007_1210_1211,0.5
905,2007_1210_1221,0.5
906,2007_1210_1228,0.5
907,2007_1210_1231,0.5
908,2007_1210_1238,0.5
909,2007_1210_1242,0.5
910,2007_1210_1246,0.5
911,2007_1210_1253,0.5
912,2007_1210_1257,0.5
913,2007_1210_1266,0.5
914,2007_1210_1268,0.5
915,2007_1210_1272,0.5
916,2007_1210_1275,0.5
917,2007_1210_1277,0.5
918,2007_1210_1305,0.5
919,2007_1210_1308,0.5
920,2007_1210_1310,0.5
921,2007_1210_1314,0.5
922,2007_1210_1317,0.5
923,2007_1210_1323,0.5
924,2007_1210_1326,0.5
925,2007_1210_1330,0.5
926,2007_1210_1331,0.5
927,2007_1210_1332,0.5
928,2007_1210_1335,0.5
929,2007_1210_1338,0.5
930,2007_1210_1345,0.5
931,2007_1210_1356,0.5
932,2007_1210_1390,0.5
933,2007_1210_1394,0.5
934,2007_1210_1397,0.5
935,2007_1210_1400,0.5
936,2007_1210_1401,0.5
937,2007_1210_1403,0.5
938,2007_1210_1417,0.5
939,2007_1210_1424,0.5
940,2007_1210_1425,0.5
941,2007_1210_1433,0.5
942,2007_1210_1435,0.5
943,2007_1210_1437,0.5
944,2007_1210_1438,0.5
945,2007_1210_1439,0.5
946,2007_1210_1450,0.5
947,2007_1210_1451,0.5
948,2007_1210_1457,0.5
949,2007_1210_1458,0.5
950,2007_1210_1460,0.5
951,2007_1210_1462,0.5
952,2007_1211_1221,0.5
953,2007_1211_1228,0.5
954,2007_1211_1231,0.5
955,2007_1211_1238,0.5
956,2007_1211_1242,0.5
957,2007_1211_1246,0.5
958,2007_1211_1253,0.5
959,2007_1211_1257,0.5
960,2007_1211_1266,0.5
961,2007_1211_1268,0.5
962,2007_1211_1272,0.5
963,2007_1211_1275,0.5
964,2007_1211_1277,0.5
965,2007_1211_1305,0.5
966,2007_1211_1308,0.5
967,2007_1211_1310,0.5
968,2007_1211_1314,0.5
969,2007_1211_1317,0.5
970,2007_1211_1323,0.5
971,2007_1211_1326,0.5
972,2007_1211_1330,0.5
973,2007_1211_1331,0.5
974,2007_1211_1332,0.5
975,2007_1211_1335,0.5
976,2007_1211_1338,0.5
977,2007_1211_1345,0.5
978,2007_1211_1356,0.5
979,2007_1211_1390,0.5
980,2007_1211_1394,0.5
981,2007_1211_1397,0.5
982,2007_1211_1400,0.5
983,2007_1211_1401,0.5
984,2007_1211_1403,0.5
985,2007_1211_1417,0.5
986,2007_1211_1424,0.5
987,2007_1211_1425,0.5
988,2007_1211_1433,0.5
989,2007_1211_1435,0.5
990,2007_1211_1437,0.5
991,2007_1211_1438,0.5
992,2007_1211_1439,0.5
993,2007_1211_1450,0.5
994,2007_1211_1451,0.5
995,2007_1211_1457,0.5
996,2007_1211_1458,0.5
997,2007_1211_1460,0.5
998,2007_1211_1462,0.5
999,2007_1221_1228,0.5
1000,2007_1221_1231,0.5
1001,2007_1221_1238,0.5
1002,2007_1221_1242,0.5
1003,2007_1221_1246,0.5
1004,2007_1221_1253,0.5
1005,2007_1221_1257,0.5
1006,2007_1221_1266,0.5
1007,2007_1221_1268,0.5
1008,2007_1221_1272,0.5
1009,2007_1221_1275,0.5
1010,2007_1221_1277,0.5
1011,2007_1221_1305,0.5
1012,2007_1221_1308,0.5
1013,2007_1221_1310,0.5
1014,2007_1221_1314,0.5
1015,2007_1221_1317,0.5
1016,2007_1221_1323,0.5
1017,2007_1221_1326,0.5
1018,2007_1221_1330,0.5
1019,2007_1221_1331,0.5
1020,2007_1221_1332,0.5
1021,2007_1221_1335,0.5
1022,2007_1221_1338,0.5
1023,2007_1221_1345,0.5
1024,2007_1221_1356,0.5
1025,2007_1221_1390,0.5
1026,2007_1221_1394,0.5
1027,2007_1221_1397,0.5
1028,2007_1221_1400,0.5
1029,2007_1221_1401,0.5
1030,2007_1221_1403,0.5
1031,2007_1221_1417,0.5
1032,2007_1221_1424,0.5
1033,2007_1221_1425,0.5
1034,2007_1221_1433,0.5
1035,2007_1221_1435,0.5
1036,2007_1221_1437,0.5
1037,2007_1221_1438,0.5
1038,2007_1221_1439,0.5
1039,2007_1221_1450,0.5
1040,2007_1221_1451,0.5
1041,2007_1221_1457,0.5
1042,2007_1221_1458,0.5
1043,2007_1221_1460,0.5
1044,2007_1221_1462,0.5
1045,2007_1228_1231,0.5
1046,2007_1228_1238,0.5
1047,2007_1228_1242,0.5
1048,2007_1228_1246,0.5
1049,2007_1228_1253,0.5
1050,2007_1228_1257,0.5
1051,2007_1228_1266,0.5
1052,2007_1228_1268,0.5
1053,2007_1228_1272,0.5
1054,2007_1228_1275,0.5
1055,2007_1228_1277,0.5
1056,2007_1228_1305,0.5
1057,2007_1228_1308,0.5
1058,2007_1228_1310,0.5
1059,2007_1228_1314,0.5
1060,2007_1228_1317,0.5
1061,2007_1228_1323,0.5
1062,2007_1228_1326,0.5
1063,2007_1228_1330,0.5
1064,2007_1228_1331,0.5
1065,2007_1228_1332,0.5
1066,2007_1228_1335,0.5
1067,2007_1228_1338,0.5
1068,2007_1228_1345,0.5
1069,2007_1228_1356,0.5
1070,2007_1228_1390,0.5
1071,2007_1228_1394,0.5
1072,2007_1228_1397,0.5
1073,2007_1228_1400,0.5
1074,2007_1228_1401,0.5
1075,2007_1228_1403,0.5
1076,2007_1228_1417,0.5
1077,2007_1228_1424,0.5
1078,2007_1228_1425,0.5
1079,2007_1228_1433,0.5
1080,2007_1228_1435,0.5
1081,2007_1228_1437,0.5
1082,2007_1228_1438,0.5
1083,2007_1228_1439,0.5
1084,2007_1228_1450,0.5
1085,2007_1228_1451,0.5
1086,2007_1228_1457,0.5
1087,2007_1228_1458,0.5
1088,2007_1228_1460,0.5
1089,2007_1228_1462,0.5
1090,2007_1231_1238,0.5
1091,2007_1231_1242,0.5
1092,2007_1231_1246,0.5
1093,2007_1231_1253,0.5
1094,2007_1231_1257,0.5
1095,2007_1231_1266,0.5
1096,2007_1231_1268,0.5
1097,2007_1231_1272,0.5
1098,2007_1231_1275,0.5
1099,2007_1231_1277,0.5
1100,2007_1231_1305,0.5
1101,2007_1231_1308,0.5
1102,2007_1231_1310,0.5
1103,2007_1231_1314,0.5
1104,2007_1231_1317,0.5
1105,2007_1231_1323,0.5
1106,2007_1231_1326,0.5
1107,2007_1231_1330,0.5
1108,2007_1231_1331,0.5
1109,2007_1231_1332,0.5
1110,2007_1231_1335,0.5
1111,2007_1231_1338,0.5
1112,2007_1231_1345,0.5
1113,2007_1231_1356,0.5
1114,2007_1231_1390,0.5
1115,2007_1231_1394,0.5
1116,2007_1231_1397,0.5
1117,2007_1231_1400,0.5
1118,2007_1231_1401,0.5
1119,2007_1231_1403,0.5
1120,2007_1231_1417,0.5
1121,2007_1231_1424,0.5
1122,2007_1231_1425,0.5
1123,2007_1231_1433,0.5
1124,2007_1231_1435,0.5
1125,2007_1231_1437,0.5
1126,2007_1231_1438,0.5
1127,2007_1231_1439,0.5
1128,2007_1231_1450,0.5
1129,2007_1231_1451,0.5
1130,2007_1231_1457,0.5
1131,2007_1231_1458,0.5
1132,2007_1231_1460,0.5
1133,2007_1231_1462,0.5
1134,2007_1238_1242,0.5
1135,2007_1238_1246,0.5
1136,2007_1238_1253,0.5
1137,2007_1238_1257,0.5
1138,2007_1238_1266,0.5
1139,2007_1238_1268,0.5
1140,2007_1238_1272,0.5
1141,2007_1238_1275,0.5
1142,2007_1238_1277,0.5
1143,2007_1238_1305,0.5
1144,2007_1238_1308,0.5
1145,2007_1238_1310,0.5
1146,2007_1238_1314,0.5
1147,2007_1238_1317,0.5
1148,2007_1238_1323,0.5
1149,2007_1238_1326,0.5
1150,2007_1238_1330,0.5
1151,2007_1238_1331,0.5
1152,2007_1238_1332,0.5
1153,2007_1238_1335,0.5
1154,2007_1238_1338,0.5
1155,2007_1238_1345,0.5
1156,2007_1238_1356,0.5
1157,2007_1238_1390,0.5
1158,2007_1238_1394,0.5
1159,2007_1238_1397,0.5
1160,2007_1238_1400,0.5
1161,2007_1238_1401,0.5
1162,2007_1238_1403,0.5
1163,2007_1238_1417,0.5
1164,2007_1238_1424,0.5
1165,2007_1238_1425,0.5
1166,2007_1238_1433,0.5
1167,2007_1238_1435,0.5
1168,2007_1238_1437,0.5
1169,2007_1238_1438,0.5
1170,2007_1238_1439,0.5
1171,2007_1238_1450,0.5
1172,2007_1238_1451,0.5
1173,2007_1238_1457,0.5
1174,2007_1238_1458,0.5
1175,2007_1238_1460,0.5
1176,2007_1238_1462,0.5
1177,2007_1242_1246,0.5
1178,2007_1242_1253,0.5
1179,2007_1242_1257,0.5
1180,2007_1242_1266,0.5
1181,2007_1242_1268,0.5
1182,2007_1242_1272,0.5
1183,2007_1242_1275,0.5
1184,2007_1242_1277,0.5
1185,2007_1242_1305,0.5
1186,2007_1242_1308,0.5
1187,2007_1242_1310,0.5
1188,2007_1242_1314,0.5
1189,2007_1242_1317,0.5
1190,2007_1242_1323,0.5
1191,2007_1242_1326,0.5
1192,2007_1242_1330,0.5
1193,2007_1242_1331,0.5
1194,2007_1242_1332,0.5
1195,2007_1242_1335,0.5
1196,2007_1242_1338,0.5
1197,2007_1242_1345,0.5
1198,2007_1242_1356,0.5
1199,2007_1242_1390,0.5
1200,2007_1242_1394,0.5
1201,2007_1242_1397,0.5
1202,2007_1242_1400,0.5
1203,2007_1242_1401,0.5
1204,2007_1242_1403,0.5
1205,2007_1242_1417,0.5
1206,2007_1242_1424,0.5
1207,2007_1242_1425,0.5
1208,2007_1242_1433,0.5
1209,2007_1242_1435,0.5
1210,2007_1242_1437,0.5
1211,2007_1242_1438,0.5
1212,2007_1242_1439,0.5
1213,2007_1242_1450,0.5
1214,2007_1242_1451,0.5
1215,2007_1242_1457,0.5
1216,2007_1242_1458,0.5
1217,2007_1242_1460,0.5
1218,2007_1242_1462,0.5
1219,2007_1246_1253,0.5
1220,2007_1246_1257,0.5
1221,2007_1246_1266,0.5
1222,2007_1246_1268,0.5
1223,2007_1246_1272,0.5
1224,2007_1246_1275,0.5
1225,2007_1246_1277,0.5
1226,2007_1246_1305,0.5
1227,2007_1246_1308,0.5
1228,2007_1246_1310,0.5
1229,2007_1246_1314,0.5
1230,2007_1246_1317,0.5
1231,2007_1246_1323,0.5
1232,2007_1246_1326,0.5
1233,2007_1246_1330,0.5
1234,2007_1246_1331,0.5
1235,2007_1246_1332,0.5
1236,2007_1246_1335,0.5
1237,2007_1246_1338,0.5
1238,2007_1246_1345,0.5
1239,2007_1246_1356,0.5
1240,2007_1246_1390,0.5
1241,2007_1246_1394,0.5
1242,2007_1246_1397,0.5
1243,2007_1246_1400,0.5
1244,2007_1246_1401,0.5
1245,2007_1246_1403,0.5
1246,2007_1246_1417,0.5
1247,2007_1246_1424,0.5
1248,2007_1246_1425,0.5
1249,2007_1246_1433,0.5
1250,2007_1246_1435,0.5
1251,2007_1246_1437,0.5
1252,2007_1246_1438,0.5
1253,2007_1246_1439,0.5
1254,2007_1246_1450,0.5
1255,2007_1246_1451,0.5
1256,2007_1246_1457,0.5
1257,2007_1246_1458,0.5
1258,2007_1246_1460,0.5
1259,2007_1246_1462,0.5
1260,2007_1253_1257,0.5
1261,2007_1253_1266,0.5
1262,2007_1253_1268,0.5
1263,2007_1253_1272,0.5
1264,2007_1253_1275,0.5
1265,2007_1253_1277,0.5
1266,2007_1253_1305,0.5
1267,2007_1253_1308,0.5
1268,2007_1253_1310,0.5
1269,2007_1253_1314,0.5
1270,2007_1253_1317,0.5
1271,2007_1253_1323,0.5
1272,2007_1253_1326,0.5
1273,2007_1253_1330,0.5
1274,2007_1253_1331,0.5
1275,2007_1253_1332,0.5
1276,2007_1253_1335,0.5
1277,2007_1253_1338,0.5
1278,2007_1253_1345,0.5
1279,2007_1253_1356,0.5
1280,2007_1253_1390,0.5
1281,2007_1253_1394,0.5
1282,2007_1253_1397,0.5
1283,2007_1253_1400,0.5
1284,2007_1253_1401,0.5
1285,2007_1253_1403,0.5
1286,2007_1253_1417,0.5
1287,2007_1253_1424,0.5
1288,2007_1253_1425,0.5
1289,2007_1253_1433,0.5
1290,2007_1253_1435,0.5
1291,2007_1253_1437,0.5
1292,2007_1253_1438,0.5
1293,2007_1253_1439,0.5
1294,2007_1253_1450,0.5
1295,2007_1253_1451,0.5
1296,2007_1253_1457,0.5
1297,2007_1253_1458,0.5
1298,2007_1253_1460,0.5
1299,2007_1253_1462,0.5
1300,2007_1257_1266,0.5
1301,2007_1257_1268,0.5
1302,2007_1257_1272,0.5
1303,2007_1257_1275,0.5
1304,2007_1257_1277,0.5
1305,2007_1257_1305,0.5
1306,2007_1257_1308,0.5
1307,2007_1257_1310,0.5
1308,2007_1257_1314,0.5
1309,2007_1257_1317,0.5
1310,2007_1257_1323,0.5
1311,2007_1257_1326,0.5
1312,2007_1257_1330,0.5
1313,2007_1257_1331,0.5
1314,2007_1257_1332,0.5
1315,2007_1257_1335,0.5
1316,2007_1257_1338,0.5
1317,2007_1257_1345,0.5
1318,2007_1257_1356,0.5
1319,2007_1257_1390,0.5
1320,2007_1257_1394,0.5
1321,2007_1257_1397,0.5
1322,2007_1257_1400,0.5
1323,2007_1257_1401,0.5
1324,2007_1257_1403,0.5
1325,2007_1257_1417,0.5
1326,2007_1257_1424,0.5
1327,2007_1257_1425,0.5
1328,2007_1257_1433,0.5
1329,2007_1257_1435,0.5
1330,2007_1257_1437,0.5
1331,2007_1257_1438,0.5
1332,2007_1257_1439,0.5
1333,2007_1257_1450,0.5
1334,2007_1257_1451,0.5
1335,2007_1257_1457,0.5
1336,2007_1257_1458,0.5
1337,2007_1257_1460,0.5
1338,2007_1257_1462,0.5
1339,2007_1266_1268,0.5
1340,2007_1266_1272,0.5
1341,2007_1266_1275,0.5
1342,2007_1266_1277,0.5
1343,2007_1266_1305,0.5
1344,2007_1266_1308,0.5
1345,2007_1266_1310,0.5
1346,2007_1266_1314,0.5
1347,2007_1266_1317,0.5
1348,2007_1266_1323,0.5
1349,2007_1266_1326,0.5
1350,2007_1266_1330,0.5
1351,2007_1266_1331,0.5
1352,2007_1266_1332,0.5
1353,2007_1266_1335,0.5
1354,2007_1266_1338,0.5
1355,2007_1266_1345,0.5
1356,2007_1266_1356,0.5
1357,2007_1266_1390,0.5
1358,2007_1266_1394,0.5
1359,2007_1266_1397,0.5
1360,2007_1266_1400,0.5
1361,2007_1266_1401,0.5
1362,2007_1266_1403,0.5
1363,2007_1266_1417,0.5
1364,2007_1266_1424,0.5
1365,2007_1266_1425,0.5
1366,2007_1266_1433,0.5
1367,2007_1266_1435,0.5
1368,2007_1266_1437,0.5
1369,2007_1266_1438,0.5
1370,2007_1266_1439,0.5
1371,2007_1266_1450,0.5
1372,2007_1266_1451,0.5
1373,2007_1266_1457,0.5
1374,2007_1266_1458,0.5
1375,2007_1266_1460,0.5
1376,2007_1266_1462,0.5
1377,2007_1268_1272,0.5
1378,2007_1268_1275,0.5
1379,2007_1268_1277,0.5
1380,2007_1268_1305,0.5
1381,2007_1268_1308,0.5
1382,2007_1268_1310,0.5
1383,2007_1268_1314,0.5
1384,2007_1268_1317,0.5
1385,2007_1268_1323,0.5
1386,2007_1268_1326,0.5
1387,2007_1268_1330,0.5
1388,2007_1268_1331,0.5
1389,2007_1268_1332,0.5
1390,2007_1268_1335,0.5
1391,2007_1268_1338,0.5
1392,2007_1268_1345,0.5
1393,2007_1268_1356,0.5
1394,2007_1268_1390,0.5
1395,2007_1268_1394,0.5
1396,2007_1268_1397,0.5
1397,2007_1268_1400,0.5
1398,2007_1268_1401,0.5
1399,2007_1268_1403,0.5
1400,2007_1268_1417,0.5
1401,2007_1268_1424,0.5
1402,2007_1268_1425,0.5
1403,2007_1268_1433,0.5
1404,2007_1268_1435,0.5
1405,2007_1268_1437,0.5
1406,2007_1268_1438,0.5
1407,2007_1268_1439,0.5
1408,2007_1268_1450,0.5
1409,2007_1268_1451,0.5
1410,2007_1268_1457,0.5
1411,2007_1268_1458,0.5
1412,2007_1268_1460,0.5
1413,2007_1268_1462,0.5
1414,2007_1272_1275,0.5
1415,2007_1272_1277,0.5
1416,2007_1272_1305,0.5
1417,2007_1272_1308,0.5
1418,2007_1272_1310,0.5
1419,2007_1272_1314,0.5
1420,2007_1272_1317,0.5
1421,2007_1272_1323,0.5
1422,2007_1272_1326,0.5
1423,2007_1272_1330,0.5
1424,2007_1272_1331,0.5
1425,2007_1272_1332,0.5
1426,2007_1272_1335,0.5
1427,2007_1272_1338,0.5
1428,2007_1272_1345,0.5
1429,2007_1272_1356,0.5
1430,2007_1272_1390,0.5
1431,2007_1272_1394,0.5
1432,2007_1272_1397,0.5
1433,2007_1272_1400,0.5
1434,2007_1272_1401,0.5
1435,2007_1272_1403,0.5
1436,2007_1272_1417,0.5
1437,2007_1272_1424,0.5
1438,2007_1272_1425,0.5
1439,2007_1272_1433,0.5
1440,2007_1272_1435,0.5
1441,2007_1272_1437,0.5
1442,2007_1272_1438,0.5
1443,2007_1272_1439,0.5
1444,2007_1272_1450,0.5
1445,2007_1272_1451,0.5
1446,2007_1272_1457,0.5
1447,2007_1272_1458,0.5
1448,2007_1272_1460,0.5
1449,2007_1272_1462,0.5
1450,2007_1275_1277,0.5
1451,2007_1275_1305,0.5
1452,2007_1275_1308,0.5
1453,2007_1275_1310,0.5
1454,2007_1275_1314,0.5
1455,2007_1275_1317,0.5
1456,2007_1275_1323,0.5
1457,2007_1275_1326,0.5
1458,2007_1275_1330,0.5
1459,2007_1275_1331,0.5
1460,2007_1275_1332,0.5
1461,2007_1275_1335,0.5
1462,2007_1275_1338,0.5
1463,2007_1275_1345,0.5
1464,2007_1275_1356,0.5
1465,2007_1275_1390,0.5
1466,2007_1275_1394,0.5
1467,2007_1275_1397,0.5
1468,2007_1275_1400,0.5
1469,2007_1275_1401,0.5
1470,2007_1275_1403,0.5
1471,2007_1275_1417,0.5
1472,2007_1275_1424,0.5
1473,2007_1275_1425,0.5
1474,2007_1275_1433,0.5
1475,2007_1275_1435,0.5
1476,2007_1275_1437,0.5
1477,2007_1275_1438,0.5
1478,2007_1275_1439,0.5
1479,2007_1275_1450,0.5
1480,2007_1275_1451,0.5
1481,2007_1275_1457,0.5
1482,2007_1275_1458,0.5
1483,2007_1275_1460,0.5
1484,2007_1275_1462,0.5
1485,2007_1277_1305,0.5
1486,2007_1277_1308,0.5
1487,2007_1277_1310,0.5
1488,2007_1277_1314,0.5
1489,2007_1277_1317,0.5
1490,2007_1277_1323,0.5
1491,2007_1277_1326,0.5
1492,2007_1277_1330,0.5
1493,2007_1277_1331,0.5
1494,2007_1277_1332,0.5
1495,2007_1277_1335,0.5
1496,2007_1277_1338,0.5
1497,2007_1277_1345,0.5
1498,2007_1277_1356,0.5
1499,2007_1277_1390,0.5
1500,2007_1277_1394,0.5
1501,2007_1277_1397,0.5
1502,2007_1277_1400,0.5
1503,2007_1277_1401,0.5
1504,2007_1277_1403,0.5
1505,2007_1277_1417,0.5
1506,2007_1277_1424,0.5
1507,2007_1277_1425,0.5
1508,2007_1277_1433,0.5
1509,2007_1277_1435,0.5
1510,2007_1277_1437,0.5
1511,2007_1277_1438,0.5
1512,2007_1277_1439,0.5
1513,2007_1277_1450,0.5
1514,2007_1277_1451,0.5
1515,2007_1277_1457,0.5
1516,2007_1277_1458,0.5
1517,2007_1277_1460,0.5
1518,2007_1277_1462,0.5
1519,2007_1305_1308,0.5
1520,2007_1305_1310,0.5
1521,2007_1305_1314,0.5
1522,2007_1305_1317,0.5
1523,2007_1305_1323,0.5
1524,2007_1305_1326,0.5
1525,2007_1305_1330,0.5
1526,2007_1305_1331,0.5
1527,2007_1305_1332,0.5
1528,2007_1305_1335,0.5
1529,2007_1305_1338,0.5
1530,2007_1305_1345,0.5
1531,2007_1305_1356,0.5
1532,2007_1305_1390,0.5
1533,2007_1305_1394,0.5
1534,2007_1305_1397,0.5
1535,2007_1305_1400,0.5
1536,2007_1305_1401,0.5
1537,2007_1305_1403,0.5
1538,2007_1305_1417,0.5
1539,2007_1305_1424,0.5
1540,2007_1305_1425,0.5
1541,2007_1305_1433,0.5
1542,2007_1305_1435,0.5
1543,2007_1305_1437,0.5
1544,2007_1305_1438,0.5
1545,2007_1305_1439,0.5
1546,2007_1305_1450,0.5
1547,2007_1305_1451,0.5
1548,2007_1305_1457,0.5
1549,2007_1305_1458,0.5
1550,2007_1305_1460,0.5
1551,2007_1305_1462,0.5
1552,2007_1308_1310,0.5
1553,2007_1308_1314,0.5
1554,2007_1308_1317,0.5
1555,2007_1308_1323,0.5
1556,2007_1308_1326,0.5
1557,2007_1308_1330,0.5
1558,2007_1308_1331,0.5
1559,2007_1308_1332,0.5
1560,2007_1308_1335,0.5
1561,2007_1308_1338,0.5
1562,2007_1308_1345,0.5
1563,2007_1308_1356,0.5
1564,2007_1308_1390,0.5
1565,2007_1308_1394,0.5
1566,2007_1308_1397,0.5
1567,2007_1308_1400,0.5
1568,2007_1308_1401,0.5
1569,2007_1308_1403,0.5
1570,2007_1308_1417,0.5
1571,2007_1308_1424,0.5
1572,2007_1308_1425,0.5
1573,2007_1308_1433,0.5
1574,2007_1308_1435,0.5
1575,2007_1308_1437,0.5
1576,2007_1308_1438,0.5
1577,2007_1308_1439,0.5
1578,2007_1308_1450,0.5
1579,2007_1308_1451,0.5
1580,2007_1308_1457,0.5
1581,2007_1308_1458,0.5
1582,2007_1308_1460,0.5
1583,2007_1308_1462,0.5
1584,2007_1310_1314,0.5
1585,2007_1310_1317,0.5
1586,2007_1310_1323,0.5
1587,2007_1310_1326,0.5
1588,2007_1310_1330,0.5
1589,2007_1310_1331,0.5
1590,2007_1310_1332,0.5
1591,2007_1310_1335,0.5
1592,2007_1310_1338,0.5
1593,2007_1310_1345,0.5
1594,2007_1310_1356,0.5
1595,2007_1310_1390,0.5
1596,2007_1310_1394,0.5
1597,2007_1310_1397,0.5
1598,2007_1310_1400,0.5
1599,2007_1310_1401,0.5
1600,2007_1310_1403,0.5
1601,2007_1310_1417,0.5
1602,2007_1310_1424,0.5
1603,2007_1310_1425,0.5
1604,2007_1310_1433,0.5
1605,2007_1310_1435,0.5
1606,2007_1310_1437,0.5
1607,2007_1310_1438,0.5
1608,2007_1310_1439,0.5
1609,2007_1310_1450,0.5
1610,2007_1310_1451,0.5
1611,2007_1310_1457,0.5
1612,2007_1310_1458,0.5
1613,2007_1310_1460,0.5
1614,2007_1310_1462,0.5
1615,2007_1314_1317,0.5
1616,2007_1314_1323,0.5
1617,2007_1314_1326,0.5
1618,2007_1314_1330,0.5
1619,2007_1314_1331,0.5
1620,2007_1314_1332,0.5
1621,2007_1314_1335,0.5
1622,2007_1314_1338,0.5
1623,2007_1314_1345,0.5
1624,2007_1314_1356,0.5
1625,2007_1314_1390,0.5
1626,2007_1314_1394,0.5
1627,2007_1314_1397,0.5
1628,2007_1314_1400,0.5
1629,2007_1314_1401,0.5
1630,2007_1314_1403,0.5
1631,2007_1314_1417,0.5
1632,2007_1314_1424,0.5
1633,2007_1314_1425,0.5
1634,2007_1314_1433,0.5
1635,2007_1314_1435,0.5
1636,2007_1314_1437,0.5
1637,2007_1314_1438,0.5
1638,2007_1314_1439,0.5
1639,2007_1314_1450,0.5
1640,2007_1314_1451,0.5
1641,2007_1314_1457,0.5
1642,2007_1314_1458,0.5
1643,2007_1314_1460,0.5
1644,2007_1314_1462,0.5
1645,2007_1317_1323,0.5
1646,2007_1317_1326,0.5
1647,2007_1317_1330,0.5
1648,2007_1317_1331,0.5
1649,2007_1317_1332,0.5
1650,2007_1317_1335,0.5
1651,2007_1317_1338,0.5
1652,2007_1317_1345,0.5
1653,2007_1317_1356,0.5
1654,2007_1317_1390,0.5
1655,2007_1317_1394,0.5
1656,2007_1317_1397,0.5
1657,2007_1317_1400,0.5
1658,2007_1317_1401,0.5
1659,2007_1317_1403,0.5
1660,2007_1317_1417,0.5
1661,2007_1317_1424,0.5
1662,2007_1317_1425,0.5
1663,2007_1317_1433,0.5
1664,2007_1317_1435,0.5
1665,2007_1317_1437,0.5
1666,2007_1317_1438,0.5
1667,2007_1317_1439,0.5
1668,2007_1317_1450,0.5
1669,2007_1317_1451,0.5
1670,2007_1317_1457,0.5
1671,2007_1317_1458,0.5
1672,2007_1317_1460,0.5
1673,2007_1317_1462,0.5
1674,2007_1323_1326,0.5
1675,2007_1323_1330,0.5
1676,2007_1323_1331,0.5
1677,2007_1323_1332,0.5
1678,2007_1323_1335,0.5
1679,2007_1323_1338,0.5
1680,2007_1323_1345,0.5
1681,2007_1323_1356,0.5
1682,2007_1323_1390,0.5
1683,2007_1323_1394,0.5
1684,2007_1323_1397,0.5
1685,2007_1323_1400,0.5
1686,2007_1323_1401,0.5
1687,2007_1323_1403,0.5
1688,2007_1323_1417,0.5
1689,2007_1323_1424,0.5
1690,2007_1323_1425,0.5
1691,2007_1323_1433,0.5
1692,2007_1323_1435,0.5
1693,2007_1323_1437,0.5
1694,2007_1323_1438,0.5
1695,2007_1323_1439,0.5
1696,2007_1323_1450,0.5
1697,2007_1323_1451,0.5
1698,2007_1323_1457,0.5
1699,2007_1323_1458,0.5
1700,2007_1323_1460,0.5
1701,2007_1323_1462,0.5
1702,2007_1326_1330,0.5
1703,2007_1326_1331,0.5
1704,2007_1326_1332,0.5
1705,2007_1326_1335,0.5
1706,2007_1326_1338,0.5
1707,2007_1326_1345,0.5
1708,2007_1326_1356,0.5
1709,2007_1326_1390,0.5
1710,2007_1326_1394,0.5
1711,2007_1326_1397,0.5
1712,2007_1326_1400,0.5
1713,2007_1326_1401,0.5
1714,2007_1326_1403,0.5
1715,2007_1326_1417,0.5
1716,2007_1326_1424,0.5
1717,2007_1326_1425,0.5
1718,2007_1326_1433,0.5
1719,2007_1326_1435,0.5
1720,2007_1326_1437,0.5
1721,2007_1326_1438,0.5
1722,2007_1326_1439,0.5
1723,2007_1326_1450,0.5
1724,2007_1326_1451,0.5
1725,2007_1326_1457,0.5
1726,2007_1326_1458,0.5
1727,2007_1326_1460,0.5
1728,2007_1326_1462,0.5
1729,2007_1330_1331,0.5
1730,2007_1330_1332,0.5
1731,2007_1330_1335,0.5
1732,2007_1330_1338,0.5
1733,2007_1330_1345,0.5
1734,2007_1330_1356,0.5
1735,2007_1330_1390,0.5
1736,2007_1330_1394,0.5
1737,2007_1330_1397,0.5
1738,2007_1330_1400,0.5
1739,2007_1330_1401,0.5
1740,2007_1330_1403,0.5
1741,2007_1330_1417,0.5
1742,2007_1330_1424,0.5
1743,2007_1330_1425,0.5
1744,2007_1330_1433,0.5
1745,2007_1330_1435,0.5
1746,2007_1330_1437,0.5
1747,2007_1330_1438,0.5
1748,2007_1330_1439,0.5
1749,2007_1330_1450,0.5
1750,2007_1330_1451,0.5
1751,2007_1330_1457,0.5
1752,2007_1330_1458,0.5
1753,2007_1330_1460,0.5
1754,2007_1330_1462,0.5
1755,2007_1331_1332,0.5
1756,2007_1331_1335,0.5
1757,2007_1331_1338,0.5
1758,2007_1331_1345,0.5
1759,2007_1331_1356,0.5
1760,2007_1331_1390,0.5
1761,2007_1331_1394,0.5
1762,2007_1331_1397,0.5
1763,2007_1331_1400,0.5
1764,2007_1331_1401,0.5
1765,2007_1331_1403,0.5
1766,2007_1331_1417,0.5
1767,2007_1331_1424,0.5
1768,2007_1331_1425,0.5
1769,2007_1331_1433,0.5
1770,2007_1331_1435,0.5
1771,2007_1331_1437,0.5
1772,2007_1331_1438,0.5
1773,2007_1331_1439,0.5
1774,2007_1331_1450,0.5
1775,2007_1331_1451,0.5
1776,2007_1331_1457,0.5
1777,2007_1331_1458,0.5
1778,2007_1331_1460,0.5
1779,2007_1331_1462,0.5
1780,2007_1332_1335,0.5
1781,2007_1332_1338,0.5
1782,2007_1332_1345,0.5
1783,2007_1332_1356,0.5
1784,2007_1332_1390,0.5
1785,2007_1332_1394,0.5
1786,2007_1332_1397,0.5
1787,2007_1332_1400,0.5
1788,2007_1332_1401,0.5
1789,2007_1332_1403,0.5
1790,2007_1332_1417,0.5
1791,2007_1332_1424,0.5
1792,2007_1332_1425,0.5
1793,2007_1332_1433,0.5
1794,2007_1332_1435,0.5
1795,2007_1332_1437,0.5
1796,2007_1332_1438,0.5
1797,2007_1332_1439,0.5
1798,2007_1332_1450,0.5
1799,2007_1332_1451,0.5
1800,2007_1332_1457,0.5
1801,2007_1332_1458,0.5
1802,2007_1332_1460,0.5
1803,2007_1332_1462,0.5
1804,2007_1335_1338,0.5
1805,2007_1335_1345,0.5
1806,2007_1335_1356,0.5
1807,2007_1335_1390,0.5
1808,2007_1335_1394,0.5
1809,2007_1335_1397,0.5
1810,2007_1335_1400,0.5
1811,2007_1335_1401,0.5
1812,2007_1335_1403,0.5
1813,2007_1335_1417,0.5
1814,2007_1335_1424,0.5
1815,2007_1335_1425,0.5
1816,2007_1335_1433,0.5
1817,2007_1335_1435,0.5
1818,2007_1335_1437,0.5
1819,2007_1335_1438,0.5
1820,2007_1335_1439,0.5
1821,2007_1335_1450,0.5
1822,2007_1335_1451,0.5
1823,2007_1335_1457,0.5
1824,2007_1335_1458,0.5
1825,2007_1335_1460,0.5
1826,2007_1335_1462,0.5
1827,2007_1338_1345,0.5
1828,2007_1338_1356,0.5
1829,2007_1338_1390,0.5
1830,2007_1338_1394,0.5
1831,2007_1338_1397,0.5
1832,2007_1338_1400,0.5
1833,2007_1338_1401,0.5
1834,2007_1338_1403,0.5
1835,2007_1338_1417,0.5
1836,2007_1338_1424,0.5
1837,2007_1338_1425,0.5
1838,2007_1338_1433,0.5
1839,2007_1338_1435,0.5
1840,2007_1338_1437,0.5
1841,2007_1338_1438,0.5
1842,2007_1338_1439,0.5
1843,2007_1338_1450,0.5
1844,2007_1338_1451,0.5
1845,2007_1338_1457,0.5
1846,2007_1338_1458,0.5
1847,2007_1338_1460,0.5
1848,2007_1338_1462,0.5
1849,2007_1345_1356,0.5
1850,2007_1345_1390,0.5
1851,2007_1345_1394,0.5
1852,2007_1345_1397,0.5
1853,2007_1345_1400,0.5
1854,2007_1345_1401,0.5
1855,2007_1345_1403,0.5
1856,2007_1345_1417,0.5
1857,2007_1345_1424,0.5
1858,2007_1345_1425,0.5
1859,2007_1345_1433,0.5
1860,2007_1345_1435,0.5
1861,2007_1345_1437,0.5
1862,2007_1345_1438,0.5
1863,2007_1345_1439,0.5
1864,2007_1345_1450,0.5
1865,2007_1345_1451,0.5
1866,2007_1345_1457,0.5
1867,2007_1345_1458,0.5
1868,2007_1345_1460,0.5
1869,2007_1345_1462,0.5
1870,2007_1356_1390,0.5
1871,2007_1356_1394,0.5
1872,2007_1356_1397,0.5
1873,2007_1356_1400,0.5
1874,2007_1356_1401,0.5
1875,2007_1356_1403,0.5
1876,2007_1356_1417,0.5
1877,2007_1356_1424,0.5
1878,2007_1356_1425,0.5
1879,2007_1356_1433,0.5
1880,2007_1356_1435,0.5
1881,2007_1356_1437,0.5
1882,2007_1356_1438,0.5
1883,2007_1356_1439,0.5
1884,2007_1356_1450,0.5
1885,2007_1356_1451,0.5
1886,2007_1356_1457,0.5
1887,2007_1356_1458,0.5
1888,2007_1356_1460,0.5
1889,2007_1356_1462,0.5
1890,2007_1390_1394,0.5
1891,2007_1390_1397,0.5
1892,2007_1390_1400,0.5
1893,2007_1390_1401,0.5
1894,2007_1390_1403,0.5
1895,2007_1390_1417,0.5
1896,2007_1390_1424,0.5
1897,2007_1390_1425,0.5
1898,2007_1390_1433,0.5
1899,2007_1390_1435,0.5
1900,2007_1390_1437,0.5
1901,2007_1390_1438,0.5
1902,2007_1390_1439,0.5
1903,2007_1390_1450,0.5
1904,2007_1390_1451,0.5
1905,2007_1390_1457,0.5
1906,2007_1390_1458,0.5
1907,2007_1390_1460,0.5
1908,2007_1390_1462,0.5
1909,2007_1394_1397,0.5
1910,2007_1394_1400,0.5
1911,2007_1394_1401,0.5
1912,2007_1394_1403,0.5
1913,2007_1394_1417,0.5
1914,2007_1394_1424,0.5
1915,2007_1394_1425,0.5
1916,2007_1394_1433,0.5
1917,2007_1394_1435,0.5
1918,2007_1394_1437,0.5
1919,2007_1394_1438,0.5
1920,2007_1394_1439,0.5
1921,2007_1394_1450,0.5
1922,2007_1394_1451,0.5
1923,2007_1394_1457,0.5
1924,2007_1394_1458,0.5
1925,2007_1394_1460,0.5
1926,2007_1394_1462,0.5
1927,2007_1397_1400,0.5
1928,2007_1397_1401,0.5
1929,2007_1397_1403,0.5
1930,2007_1397_1417,0.5
1931,2007_1397_1424,0.5
1932,2007_1397_1425,0.5
1933,2007_1397_1433,0.5
1934,2007_1397_1435,0.5
1935,2007_1397_1437,0.5
1936,2007_1397_1438,0.5
1937,2007_1397_1439,0.5
1938,2007_1397_1450,0.5
1939,2007_1397_1451,0.5
1940,2007_1397_1457,0.5
1941,2007_1397_1458,0.5
1942,2007_1397_1460,0.5
1943,2007_1397_1462,0.5
1944,2007_1400_1401,0.5
1945,2007_1400_1403,0.5
1946,2007_1400_1417,0.5
1947,2007_1400_1424,0.5
1948,2007_1400_1425,0.5
1949,2007_1400_1433,0.5
1950,2007_1400_1435,0.5
1951,2007_1400_1437,0.5
1952,2007_1400_1438,0.5
1953,2007_1400_1439,0.5
1954,2007_1400_1450,0.5
1955,2007_1400_1451,0.5
1956,2007_1400_1457,0.5
1957,2007_1400_1458,0.5
1958,2007_1400_1460,0.5
1959,2007_1400_1462,0.5
1960,2007_1401_1403,0.5
1961,2007_1401_1417,0.5
1962,2007_1401_1424,0.5
1963,2007_1401_1425,0.5
1964,2007_1401_1433,0.5
1965,2007_1401_1435,0.5
1966,2007_1401_1437,0.5
1967,2007_1401_1438,0.5
1968,2007_1401_1439,0.5
1969,2007_1401_1450,0.5
1970,2007_1401_1451,0.5
1971,2007_1401_1457,0.5
1972,2007_1401_1458,0.5
1973,2007_1401_1460,0.5
1974,2007_1401_1462,0.5
1975,2007_1403_1417,0.5
1976,2007_1403_1424,0.5
1977,2007_1403_1425,0.5
1978,2007_1403_1433,0.5
1979,2007_1403_1435,0.5
1980,2007_1403_1437,0.5
1981,2007_1403_1438,0.5
1982,2007_1403_1439,0.5
1983,2007_1403_1450,0.5
1984,2007_1403_1451,0.5
1985,2007_1403_1457,0.5
1986,2007_1403_1458,0.5
1987,2007_1403_1460,0.5
1988,2007_1403_1462,0.5
1989,2007_1417_1424,0.5
1990,2007_1417_1425,0.5
1991,2007_1417_1433,0.5
1992,2007_1417_1435,0.5
1993,2007_1417_1437,0.5
1994,2007_1417_1438,0.5
1995,2007_1417_1439,0.5
1996,2007_1417_1450,0.5
1997,2007_1417_1451,0.5
1998,2007_1417_1457,0.5
1999,2007_1417_1458,0.5
2000,2007_1417_1460,0.5
2001,2007_1417_1462,0.5
2002,2007_1424_1425,0.5
2003,2007_1424_1433,0.5
2004,2007_1424_1435,0.5
2005,2007_1424_1437,0.5
2006,2007_1424_1438,0.5
2007,2007_1424_1439,0.5
2008,2007_1424_1450,0.5
2009,2007_1424_1451,0.5
2010,2007_1424_1457,0.5
2011,2007_1424_1458,0.5
2012,2007_1424_1460,0.5
2013,2007_1424_1462,0.5
2014,2007_1425_1433,0.5
2015,2007_1425_1435,0.5
2016,2007_1425_1437,0.5
2017,2007_1425_1438,0.5
2018,2007_1425_1439,0.5
2019,2007_1425_1450,0.5
2020,2007_1425_1451,0.5
2021,2007_1425_1457,0.5
2022,2007_1425_1458,0.5
2023,2007_1425_1460,0.5
2024,2007_1425_1462,0.5
2025,2007_1433_1435,0.5
2026,2007_1433_1437,0.5
2027,2007_1433_1438,0.5
2028,2007_1433_1439,0.5
2029,2007_1433_1450,0.5
2030,2007_1433_1451,0.5
2031,2007_1433_1457,0.5
2032,2007_1433_1458,0.5
2033,2007_1433_1460,0.5
2034,2007_1433_1462,0.5
2035,2007_1435_1437,0.5
2036,2007_1435_1438,0.5
2037,2007_1435_1439,0.5
2038,2007_1435_1450,0.5
2039,2007_1435_1451,0.5
2040,2007_1435_1457,0.5
2041,2007_1435_1458,0.5
2042,2007_1435_1460,0.5
2043,2007_1435_1462,0.5
2044,2007_1437_1438,0.5
2045,2007_1437_1439,0.5
2046,2007_1437_1450,0.5
2047,2007_1437_1451,0.5
2048,2007_1437_1457,0.5
2049,2007_1437_1458,0.5
2050,2007_1437_1460,0.5
2051,2007_1437_1462,0.5
2052,2007_1438_1439,0.5
2053,2007_1438_1450,0.5
2054,2007_1438_1451,0.5
2055,2007_1438_1457,0.5
2056,2007_1438_1458,0.5
2057,2007_1438_1460,0.5
2058,2007_1438_1462,0.5
2059,2007_1439_1450,0.5
2060,2007_1439_1451,0.5
2061,2007_1439_1457,0.5
2062,2007_1439_1458,0.5
2063,2007_1439_1460,0.5
2064,2007_1439_1462,0.5
2065,2007_1450_1451,0.5
2066,2007_1450_1457,0.5
2067,2007_1450_1458,0.5
2068,2007_1450_1460,0.5
2069,2007_1450_1462,0.5
2070,2007_1451_1457,0.5
2071,2007_1451_1458,0.5
2072,2007_1451_1460,0.5
2073,2007_1451_1462,0.5
2074,2007_1457_1458,0.5
2075,2007_1457_1460,0.5
2076,2007_1457_1462,0.5
2077,2007_1458_1460,0.5
2078,2007_1458_1462,0.5
2079,2007_1460_1462,0.5
